dataset,id,role,category,jp,en,zh,kr
daily,1,,existence,今あなたにとって本当に大切なものとは何ですか,What is what truly matters to you right now?,此刻，对你来说，真正重要的东西是什么？,지금 당신에게 진정으로 중요한 것은(는) 무엇인가요?
daily,2,,fear,今日のあなたは恐れにどう向き合いますか,How are you facing fear today?,今天，你要如何面对恐惧？,오늘 당신은 두려움에 어떻게 마주하나요?
daily,3,,release,あなたは手放せないものから何を学んでいますか,What is what you cannot let go of teaching you?,你放不下的东西正在教会你什么？,놓지 못하는 것은(는) 당신에게 무엇을 가르치고 있나요?
daily,4,,hope,今のあなたに必要な希望は何ですか,What kind of hope do you need right now?,此刻，你需要怎样的希望？,지금의 당신에게 필요한 희망은(는) 무엇인가요?
daily,5,,relationship,あなたの中で静かに浮かぶ思い出す人は誰ですか,Who quietly comes to mind when you think of the person who comes to mind?,当你想到你想起的那个人时，在你心里静静浮现的是谁？,"문득 떠오르는 사람을(를) 떠올릴 때, 당신 안에 조용히 떠오르는 이는 누구인가요?"
daily,6,,gratitude,もし少し立ち止まるなら感謝できることをどう見ますか,"If you paused for a moment, how would you look at what you can be grateful for?",如果你稍微停下来，会如何看待你可以感恩的事？,"잠시 멈춘다면, 감사할 수 있는 것을(를) 어떻게 바라보게 될까요?"
daily,7,,reflection,あなたは今の感情を事実として見ていますか それとも解釈として見ていますか,"Are you seeing your feelings right now as fact, or as interpretation?",你看到的你此刻的感受，是事实，还是一种解释？,"당신은 지금의 감정을(를) 사실로 보고 있나요, 아니면 해석으로 보고 있나요?"
daily,8,,death,今のあなたが正直に感じる死は何ですか,What does death honestly feel like to you right now?,此刻，你诚实地感受到的死亡是什么？,지금의 당신이 솔직하게 느끼는 죽음은(는) 무엇인가요?
daily,9,,silence,あなたは呼吸を感じていますか それとも見過ごしていますか,"Are you sensing your breath, or passing it by?",你是在感受呼吸，还是正在把它忽略过去？,"당신은 호흡을(를) 느끼고 있나요, 아니면 스쳐 지나가고 있나요?"
daily,10,,identity,今日のあなたにとってなりつつある自分はどんな存在ですか,What kind of presence is the person you are becoming to you today?,今天，对你来说，你正在成为的自己是怎样的存在？,오늘 당신에게 되어 가는 나은(는) 어떤 존재인가요?
daily,11,,existence,あなたの心は自分の人生に何を求めていますか,What is your heart asking of your own life?,你的心向你自己的人生在寻求什么？,당신의 마음은 자기 자신의 삶에 무엇을 바라고 있나요?
daily,12,,fear,今のあなたは不安にどんな名前をつけますか,What name would you give to anxiety right now?,此刻，你会给不安取什么名字？,지금의 당신은 불안에 어떤 이름을 붙이고 싶나요?
daily,13,,release,あなたは執着を誰の視線で見ていますか,Through whose eyes are you seeing attachment?,你正透过谁的目光看着执着？,당신은 집착을(를) 누구의 시선으로 보고 있나요?
daily,14,,hope,もし静かに座るなら小さな光は何を語りそうですか,"If you sat quietly, what might a small light say?",如果你安静坐下，微小的光似乎会说些什么？,"조용히 앉아 있다면, 작은 빛은(는) 무엇을 말할 것 같나요?"
daily,15,,relationship,あなたの中に残っている感謝したい人の灯は何ですか,What small lamp of the person you want to thank still remains within you?,在你心里，仍然留着怎样一盏关于你想感谢的人的灯？,당신 안에는 아직도 감사하고 싶은 사람에 관한 어떤 작은 등불이 남아 있나요?
daily,16,,gratitude,今あなたにとって今日の恵みとは何ですか,What is today's blessing to you right now?,此刻，对你来说，今天的恩惠是什么？,지금 당신에게 오늘의 은혜은(는) 무엇인가요?
daily,17,,reflection,今日のあなたは沈黙にどう向き合いますか,How are you facing silence today?,今天，你要如何面对沉默？,오늘 당신은 침묵에 어떻게 마주하나요?
daily,18,,death,あなたは最後の日から何を学んでいますか,What is your last day teaching you?,最后一天正在教会你什么？,마지막 날은(는) 당신에게 무엇을 가르치고 있나요?
daily,19,,silence,今のあなたに必要な静けさは何ですか,What kind of stillness do you need right now?,此刻，你需要怎样的宁静？,지금의 당신에게 필요한 고요은(는) 무엇인가요?
daily,20,,identity,あなたの中で静かに浮かぶ本当の自分は何ですか,What quietly rises within you when you think of your true self?,想到真正的自己时，在你心里静静浮现的是什么？,"진짜 나을(를) 떠올릴 때, 당신 안에 조용히 떠오르는 것은 무엇인가요?"
daily,21,,existence,もし少し立ち止まるなら生きる理由をどう見ますか,"If you paused for a moment, how would you look at your reason for living?",如果你稍微停下来，会如何看待你活着的理由？,"잠시 멈춘다면, 살아가는 이유을(를) 어떻게 바라보게 될까요?"
daily,22,,fear,あなたは避けていることを事実として見ていますか それとも解釈として見ていますか,"Are you seeing what you are avoiding as fact, or as interpretation?",你看到的你正在回避的事，是事实，还是一种解释？,"당신은 당신이 피하고 있는 것을(를) 사실로 보고 있나요, 아니면 해석으로 보고 있나요?"
daily,23,,release,今のあなたが正直に感じる古い役割は何ですか,What does an old role honestly feel like to you right now?,此刻，你诚实地感受到的旧有的角色是什么？,지금의 당신이 솔직하게 느끼는 오래된 역할은(는) 무엇인가요?
daily,24,,hope,あなたは次の一歩を抱えていますか それとも迎え入れ始めていますか,"Are you carrying the next step, or beginning to welcome it?",你是在背负着下一步，还是开始迎接它？,"당신은 다음 한 걸음을(를) 짊어지고 있나요, 아니면 받아들이기 시작하고 있나요?"
daily,25,,relationship,今日のあなたにとって許したい人はどんな存在ですか,What kind of presence is the person you want to forgive to you today?,今天，对你来说，你想原谅的人是怎样的存在？,오늘 당신에게 용서하고 싶은 사람은(는) 어떤 존재인가요?
daily,26,,gratitude,あなたの心は受け取った助けに何を求めていますか,What is your heart asking of the help you received?,你的心向你得到的帮助在寻求什么？,당신의 마음은 받은 도움에 무엇을 바라고 있나요?
daily,27,,reflection,今のあなたは心の声にどんな名前をつけますか,What name would you give to the voice of your heart right now?,此刻，你会给你内心的声音取什么名字？,지금의 당신은 마음의 소리에 어떤 이름을 붙이고 싶나요?
daily,28,,death,あなたは残したいものを誰の視線で見ていますか,Through whose eyes are you seeing what you want to leave behind?,你正透过谁的目光看着你想留下的东西？,당신은 남기고 싶은 것을(를) 누구의 시선으로 보고 있나요?
daily,29,,silence,もし静かに座るなら今ここは何を語りそうですか,"If you sat quietly, what might the here and now say?",如果你安静坐下，此时此地似乎会说些什么？,"조용히 앉아 있다면, 지금 여기은(는) 무엇을 말할 것 같나요?"
daily,30,,identity,あなたの中に残っている信じているものの灯は何ですか,What small lamp of what you believe in still remains within you?,在你心里，仍然留着怎样一盏关于你所相信的东西的灯？,당신 안에는 아직도 당신이 믿는 것에 관한 어떤 작은 등불이 남아 있나요?
daily,31,,existence,今あなたにとって今いる場所とは何ですか,What is where you stand now to you right now?,此刻，对你来说，你此刻所站的位置是什么？,지금 당신에게 지금 당신이 서 있는 자리은(는) 무엇인가요?
daily,32,,fear,今日のあなたは失うことにどう向き合いますか,How are you facing the possibility of loss today?,今天，你要如何面对失去这件事？,오늘 당신은 잃는 것에 어떻게 마주하나요?
daily,33,,release,あなたは重荷から何を学んでいますか,What is a burden teaching you?,负担正在教会你什么？,짐은(는) 당신에게 무엇을 가르치고 있나요?
daily,34,,hope,今のあなたに必要な信じたい未来は何ですか,What kind of the future you want to believe in do you need right now?,此刻，你需要怎样的你想相信的未来？,지금의 당신에게 필요한 믿고 싶은 미래은(는) 무엇인가요?
daily,35,,relationship,あなたの中で静かに浮かぶ守りたい人は誰ですか,Who quietly comes to mind when you think of the person you want to protect?,当你想到你想守护的人时，在你心里静静浮现的是谁？,"지키고 싶은 사람을(를) 떠올릴 때, 당신 안에 조용히 떠오르는 이는 누구인가요?"
daily,36,,gratitude,もし少し立ち止まるなら残っている温かさをどう見ますか,"If you paused for a moment, how would you look at the warmth that still remains?",如果你稍微停下来，会如何看待仍然留存的温暖？,"잠시 멈춘다면, 남아 있는 따뜻함을(를) 어떻게 바라보게 될까요?"
daily,37,,reflection,あなたは自分への厳しさを事実として見ていますか それとも解釈として見ていますか,"Are you seeing your harshness toward yourself as fact, or as interpretation?",你看到的你对自己的苛刻，是事实，还是一种解释？,"당신은 자신에게 향한 엄격함을(를) 사실로 보고 있나요, 아니면 해석으로 보고 있나요?"
daily,38,,death,今のあなたが正直に感じる別れは何ですか,What does parting honestly feel like to you right now?,此刻，你诚实地感受到的离别是什么？,지금의 당신이 솔직하게 느끼는 이별은(는) 무엇인가요?
daily,39,,silence,あなたは空白を感じていますか それとも見過ごしていますか,"Are you sensing emptiness, or passing it by?",你是在感受空白，还是正在把它忽略过去？,"당신은 공백을(를) 느끼고 있나요, 아니면 스쳐 지나가고 있나요?"
daily,40,,identity,今日のあなたにとって背負っている役割はどんな存在ですか,What kind of presence is the role you carry to you today?,今天，对你来说，你所背负的角色是怎样的存在？,오늘 당신에게 당신이 짊어진 역할은(는) 어떤 존재인가요?
daily,41,,existence,あなたの心は本当の望みに何を求めていますか,What is your heart asking of your true desire?,你的心向你真正的愿望在寻求什么？,당신의 마음은 당신의 진정한 바람에 무엇을 바라고 있나요?
daily,42,,fear,今のあなたは人の期待にどんな名前をつけますか,What name would you give to other people's expectations right now?,此刻，你会给他人的期待取什么名字？,지금의 당신은 타인의 기대에 어떤 이름을 붙이고 싶나요?
daily,43,,release,あなたは後悔を誰の視線で見ていますか,Through whose eyes are you seeing regret?,你正透过谁的目光看着后悔？,당신은 후회을(를) 누구의 시선으로 보고 있나요?
daily,44,,hope,もし静かに座るならやり直す力は何を語りそうですか,"If you sat quietly, what might the strength to begin again say?",如果你安静坐下，重新开始的力量似乎会说些什么？,"조용히 앉아 있다면, 다시 시작할 힘은(는) 무엇을 말할 것 같나요?"
daily,45,,relationship,あなたの中に残っている距離を置くべき関係の灯は何ですか,What small lamp of a relationship that needs distance still remains within you?,在你心里，仍然留着怎样一盏关于需要保持距离的关系的灯？,당신 안에는 아직도 거리를 두어야 할 관계에 관한 어떤 작은 등불이 남아 있나요?
daily,46,,gratitude,今あなたにとって小さな幸せとは何ですか,What is a small happiness to you right now?,此刻，对你来说，微小的幸福是什么？,지금 당신에게 작은 행복은(는) 무엇인가요?
daily,47,,reflection,今日のあなたは疲れにどう向き合いますか,How are you facing your fatigue today?,今天，你要如何面对你的疲惫？,오늘 당신은 피로에 어떻게 마주하나요?
daily,48,,death,あなたは失った人から何を学んでいますか,What is the person you lost teaching you?,你失去的人正在教会你什么？,잃은 사람은(는) 당신에게 무엇을 가르치고 있나요?
daily,49,,silence,今のあなたに必要な一歩手前の答えは何ですか,What kind of the answer just before words do you need right now?,此刻，你需要怎样的话语之前的答案？,지금의 당신에게 필요한 말이 되기 직전의 답은(는) 무엇인가요?
daily,50,,identity,あなたの中で静かに浮かぶ変わりたい部分は何ですか,What quietly rises within you when you think of the part of you that wants to change?,想到你想改变的那一部分时，在你心里静静浮现的是什么？,"변하고 싶은 부분을(를) 떠올릴 때, 당신 안에 조용히 떠오르는 것은 무엇인가요?"
daily,51,,existence,もし少し立ち止まるなら心の静けさをどう見ますか,"If you paused for a moment, how would you look at the quietness of your heart?",如果你稍微停下来，会如何看待你内心的宁静？,"잠시 멈춘다면, 마음의 고요을(를) 어떻게 바라보게 될까요?"
daily,52,,fear,あなたは失敗を事実として見ていますか それとも解釈として見ていますか,"Are you seeing failure as fact, or as interpretation?",你看到的失败，是事实，还是一种解释？,"당신은 실패을(를) 사실로 보고 있나요, 아니면 해석으로 보고 있나요?"
daily,53,,release,今のあなたが正直に感じる怒りは何ですか,What does anger honestly feel like to you right now?,此刻，你诚实地感受到的愤怒是什么？,지금의 당신이 솔직하게 느끼는 분노은(는) 무엇인가요?
daily,54,,hope,あなたは救いを抱えていますか それとも迎え入れ始めていますか,"Are you carrying relief, or beginning to welcome it?",你是在背负着救赎，还是开始迎接它？,"당신은 구원을(를) 짊어지고 있나요, 아니면 받아들이기 시작하고 있나요?"
daily,55,,relationship,今日のあなたにとって言えなかった言葉はどんな存在ですか,What kind of presence is the words you could not say to you today?,今天，对你来说，你没能说出口的话是怎样的存在？,오늘 당신에게 말하지 못한 말은(는) 어떤 존재인가요?
daily,56,,gratitude,あなたの心は支えに何を求めていますか,What is your heart asking of the support that holds you up?,你的心向支撑你的力量在寻求什么？,당신의 마음은 당신을 지탱하는 것에 무엇을 바라고 있나요?
daily,57,,reflection,今のあなたは本音にどんな名前をつけますか,What name would you give to your true feelings right now?,此刻，你会给你真实的心声取什么名字？,지금의 당신은 본심에 어떤 이름을 붙이고 싶나요?
daily,58,,death,あなたは言えなかった感謝を誰の視線で見ていますか,Through whose eyes are you seeing the gratitude you could not say?,你正透过谁的目光看着没能说出口的感谢？,당신은 말하지 못한 감사을(를) 누구의 시선으로 보고 있나요?
daily,59,,silence,もし静かに座るなら語らないことは何を語りそうですか,"If you sat quietly, what might what remains unsaid say?",如果你安静坐下，没有说出口的东西似乎会说些什么？,"조용히 앉아 있다면, 말하지 않는 것은(는) 무엇을 말할 것 같나요?"
daily,60,,identity,あなたの中に残っている守ってきた価値観の灯は何ですか,What small lamp of the values you have protected still remains within you?,在你心里，仍然留着怎样一盏关于你一直守护的价值观的灯？,당신 안에는 아직도 지켜 온 가치관에 관한 어떤 작은 등불이 남아 있나요?
daily,61,,existence,今あなたにとって進む方向とは何ですか,What is the direction you are heading to you right now?,此刻，对你来说，你前行的方向是什么？,지금 당신에게 나아갈 방향은(는) 무엇인가요?
daily,62,,fear,今日のあなたは孤独にどう向き合いますか,How are you facing loneliness today?,今天，你要如何面对孤独？,오늘 당신은 외로움에 어떻게 마주하나요?
daily,63,,release,あなたは言い訳から何を学んでいますか,What is an excuse teaching you?,借口正在教会你什么？,변명은(는) 당신에게 무엇을 가르치고 있나요?
daily,64,,hope,今のあなたに必要な明日は何ですか,What kind of tomorrow do you need right now?,此刻，你需要怎样的明天？,지금의 당신에게 필요한 내일은(는) 무엇인가요?
daily,65,,relationship,あなたの中で静かに浮かぶ受け取った優しさは何ですか,What quietly comes to mind when you think of the kindness you received?,想到你收到的温柔时，在你心里静静浮现的是什么？,"받았던 다정함을(를) 떠올릴 때, 당신 안에 조용히 떠오르는 것은 무엇인가요?"
daily,66,,gratitude,もし少し立ち止まるなら平凡な奇跡をどう見ますか,"If you paused for a moment, how would you look at an ordinary miracle?",如果你稍微停下来，会如何看待平凡的奇迹？,"잠시 멈춘다면, 평범한 기적을(를) 어떻게 바라보게 될까요?"
daily,67,,reflection,あなたは選択を事実として見ていますか それとも解釈として見ていますか,"Are you seeing a choice as fact, or as interpretation?",你看到的选择，是事实，还是一种解释？,"당신은 선택을(를) 사실로 보고 있나요, 아니면 해석으로 보고 있나요?"
daily,68,,death,今のあなたが正直に感じる限りある時間は何ですか,What does limited time honestly feel like to you right now?,此刻，你诚实地感受到的有限的时间是什么？,지금의 당신이 솔직하게 느끼는 유한한 시간은(는) 무엇인가요?
daily,69,,silence,あなたは待つことを感じていますか それとも見過ごしていますか,"Are you sensing waiting, or passing it by?",你是在感受等待，还是正在把它忽略过去？,"당신은 기다림을(를) 느끼고 있나요, 아니면 스쳐 지나가고 있나요?"
daily,70,,identity,今日のあなたにとって譲れないものはどんな存在ですか,What kind of presence is what you cannot compromise on to you today?,今天，对你来说，你无法让步的东西是怎样的存在？,오늘 당신에게 양보할 수 없는 것은(는) 어떤 존재인가요?
daily,71,,existence,あなたの心は今日という時間に何を求めていますか,What is your heart asking of this day?,你的心向今天这段时间在寻求什么？,당신의 마음은 오늘이라는 시간에 무엇을 바라고 있나요?
daily,72,,fear,今のあなたは変化にどんな名前をつけますか,What name would you give to change right now?,此刻，你会给变化取什么名字？,지금의 당신은 변화에 어떤 이름을 붙이고 싶나요?
daily,73,,release,あなたは終わらせるべきことを誰の視線で見ていますか,Through whose eyes are you seeing what needs to come to an end?,你正透过谁的目光看着应该结束的事？,당신은 끝내야 할 것을(를) 누구의 시선으로 보고 있나요?
daily,74,,hope,もし静かに座るなら続ける理由は何を語りそうですか,"If you sat quietly, what might your reason to continue say?",如果你安静坐下，继续下去的理由似乎会说些什么？,"조용히 앉아 있다면, 계속할 이유은(는) 무엇을 말할 것 같나요?"
daily,75,,relationship,あなたの中に残っている残っているつながりの灯は何ですか,What small lamp of the connection that still remains still remains within you?,在你心里，仍然留着怎样一盏关于仍然留下的连结的灯？,당신 안에는 아직도 아직 남아 있는 연결에 관한 어떤 작은 등불이 남아 있나요?
daily,76,,gratitude,今あなたにとって今あるものとは何ですか,What is what is already here to you right now?,此刻，对你来说，此刻已经拥有的东西是什么？,지금 당신에게 지금 이미 있는 것은(는) 무엇인가요?
daily,77,,reflection,今日のあなたは気づいていない思いにどう向き合いますか,How are you facing a feeling you have not yet noticed today?,今天，你要如何面对你尚未察觉的心意？,오늘 당신은 아직 알아차리지 못한 마음에 어떻게 마주하나요?
daily,78,,death,あなたはいのちから何を学んでいますか,What is life itself teaching you?,生命正在教会你什么？,생명은(는) 당신에게 무엇을 가르치고 있나요?
daily,79,,silence,今のあなたに必要な見ることは何ですか,What kind of simply seeing do you need right now?,此刻，你需要怎样的只是看见？,지금의 당신에게 필요한 그저 보는 것은(는) 무엇인가요?
daily,80,,identity,あなたの中で静かに浮かぶ人生の軸は何ですか,What quietly rises within you when you think of the axis of your life?,想到你人生的轴心时，在你心里静静浮现的是什么？,"삶의 축을(를) 떠올릴 때, 당신 안에 조용히 떠오르는 것은 무엇인가요?"
daily,81,,existence,もし少し立ち止まるなら本当に大切なものをどう見ますか,"If you paused for a moment, how would you look at what truly matters?",如果你稍微停下来，会如何看待真正重要的东西？,"잠시 멈춘다면, 진정으로 중요한 것을(를) 어떻게 바라보게 될까요?"
daily,82,,fear,あなたは恐れを事実として見ていますか それとも解釈として見ていますか,"Are you seeing fear as fact, or as interpretation?",你看到的恐惧，是事实，还是一种解释？,"당신은 두려움을(를) 사실로 보고 있나요, 아니면 해석으로 보고 있나요?"
daily,83,,release,今のあなたが正直に感じる手放せないものは何ですか,What does what you cannot let go of honestly feel like to you right now?,此刻，你诚实地感受到的你放不下的东西是什么？,지금의 당신이 솔직하게 느끼는 놓지 못하는 것은(는) 무엇인가요?
daily,84,,hope,あなたは希望を抱えていますか それとも迎え入れ始めていますか,"Are you carrying hope, or beginning to welcome it?",你是在背负着希望，还是开始迎接它？,"당신은 희망을(를) 짊어지고 있나요, 아니면 받아들이기 시작하고 있나요?"
daily,85,,relationship,今日のあなたにとって思い出す人はどんな存在ですか,What kind of presence is the person who comes to mind to you today?,今天，对你来说，你想起的那个人是怎样的存在？,오늘 당신에게 문득 떠오르는 사람은(는) 어떤 존재인가요?
daily,86,,gratitude,あなたの心は感謝できることに何を求めていますか,What is your heart asking of what you can be grateful for?,你的心向你可以感恩的事在寻求什么？,당신의 마음은 감사할 수 있는 것에 무엇을 바라고 있나요?
daily,87,,reflection,今のあなたは今の感情にどんな名前をつけますか,What name would you give to your feelings right now right now?,此刻，你会给你此刻的感受取什么名字？,지금의 당신은 지금의 감정에 어떤 이름을 붙이고 싶나요?
daily,88,,death,あなたは死を誰の視線で見ていますか,Through whose eyes are you seeing death?,你正透过谁的目光看着死亡？,당신은 죽음을(를) 누구의 시선으로 보고 있나요?
daily,89,,silence,もし静かに座るなら呼吸は何を語りそうですか,"If you sat quietly, what might your breath say?",如果你安静坐下，呼吸似乎会说些什么？,"조용히 앉아 있다면, 호흡은(는) 무엇을 말할 것 같나요?"
daily,90,,identity,あなたの中に残っているなりつつある自分の灯は何ですか,What small lamp of the person you are becoming still remains within you?,在你心里，仍然留着怎样一盏关于你正在成为的自己的灯？,당신 안에는 아직도 되어 가는 나에 관한 어떤 작은 등불이 남아 있나요?
daily,91,,existence,今あなたにとって自分の人生とは何ですか,What is your own life to you right now?,此刻，对你来说，你自己的人生是什么？,지금 당신에게 자기 자신의 삶은(는) 무엇인가요?
daily,92,,fear,今日のあなたは不安にどう向き合いますか,How are you facing anxiety today?,今天，你要如何面对不安？,오늘 당신은 불안에 어떻게 마주하나요?
daily,93,,release,あなたは執着から何を学んでいますか,What is attachment teaching you?,执着正在教会你什么？,집착은(는) 당신에게 무엇을 가르치고 있나요?
daily,94,,hope,今のあなたに必要な小さな光は何ですか,What kind of a small light do you need right now?,此刻，你需要怎样的微小的光？,지금의 당신에게 필요한 작은 빛은(는) 무엇인가요?
daily,95,,relationship,あなたの中で静かに浮かぶ感謝したい人は誰ですか,Who quietly comes to mind when you think of the person you want to thank?,当你想到你想感谢的人时，在你心里静静浮现的是谁？,"감사하고 싶은 사람을(를) 떠올릴 때, 당신 안에 조용히 떠오르는 이는 누구인가요?"
daily,96,,gratitude,もし少し立ち止まるなら今日の恵みをどう見ますか,"If you paused for a moment, how would you look at today's blessing?",如果你稍微停下来，会如何看待今天的恩惠？,"잠시 멈춘다면, 오늘의 은혜을(를) 어떻게 바라보게 될까요?"
daily,97,,reflection,あなたは沈黙を事実として見ていますか それとも解釈として見ていますか,"Are you seeing silence as fact, or as interpretation?",你看到的沉默，是事实，还是一种解释？,"당신은 침묵을(를) 사실로 보고 있나요, 아니면 해석으로 보고 있나요?"
daily,98,,death,今のあなたが正直に感じる最後の日は何ですか,What does your last day honestly feel like to you right now?,此刻，你诚实地感受到的最后一天是什么？,지금의 당신이 솔직하게 느끼는 마지막 날은(는) 무엇인가요?
daily,99,,silence,あなたは静けさを感じていますか それとも見過ごしていますか,"Are you sensing stillness, or passing it by?",你是在感受宁静，还是正在把它忽略过去？,"당신은 고요을(를) 느끼고 있나요, 아니면 스쳐 지나가고 있나요?"
daily,100,,identity,今日のあなたにとって本当の自分はどんな存在ですか,What kind of presence is your true self to you today?,今天，对你来说，真正的自己是怎样的存在？,오늘 당신에게 진짜 나은(는) 어떤 존재인가요?
daily,101,,existence,あなたの心は生きる理由に何を求めていますか,What is your heart asking of your reason for living?,你的心向你活着的理由在寻求什么？,당신의 마음은 살아가는 이유에 무엇을 바라고 있나요?
daily,102,,fear,今のあなたは避けていることにどんな名前をつけますか,What name would you give to what you are avoiding right now?,此刻，你会给你正在回避的事取什么名字？,지금의 당신은 당신이 피하고 있는 것에 어떤 이름을 붙이고 싶나요?
daily,103,,release,あなたは古い役割を誰の視線で見ていますか,Through whose eyes are you seeing an old role?,你正透过谁的目光看着旧有的角色？,당신은 오래된 역할을(를) 누구의 시선으로 보고 있나요?
daily,104,,hope,もし静かに座るなら次の一歩は何を語りそうですか,"If you sat quietly, what might the next step say?",如果你安静坐下，下一步似乎会说些什么？,"조용히 앉아 있다면, 다음 한 걸음은(는) 무엇을 말할 것 같나요?"
daily,105,,relationship,あなたの中に残っている許したい人の灯は何ですか,What small lamp of the person you want to forgive still remains within you?,在你心里，仍然留着怎样一盏关于你想原谅的人的灯？,당신 안에는 아직도 용서하고 싶은 사람에 관한 어떤 작은 등불이 남아 있나요?
daily,106,,gratitude,今あなたにとって受け取った助けとは何ですか,What is the help you received to you right now?,此刻，对你来说，你得到的帮助是什么？,지금 당신에게 받은 도움은(는) 무엇인가요?
daily,107,,reflection,今日のあなたは心の声にどう向き合いますか,How are you facing the voice of your heart today?,今天，你要如何面对你内心的声音？,오늘 당신은 마음의 소리에 어떻게 마주하나요?
daily,108,,death,あなたは残したいものから何を学んでいますか,What is what you want to leave behind teaching you?,你想留下的东西正在教会你什么？,남기고 싶은 것은(는) 당신에게 무엇을 가르치고 있나요?
daily,109,,silence,今のあなたに必要な今ここは何ですか,What kind of the here and now do you need right now?,此刻，你需要怎样的此时此地？,지금의 당신에게 필요한 지금 여기은(는) 무엇인가요?
daily,110,,identity,あなたの中で静かに浮かぶ信じているものは何ですか,What quietly rises within you when you think of what you believe in?,想到你所相信的东西时，在你心里静静浮现的是什么？,"당신이 믿는 것을(를) 떠올릴 때, 당신 안에 조용히 떠오르는 것은 무엇인가요?"
daily,111,,existence,もし少し立ち止まるなら今いる場所をどう見ますか,"If you paused for a moment, how would you look at where you stand now?",如果你稍微停下来，会如何看待你此刻所站的位置？,"잠시 멈춘다면, 지금 당신이 서 있는 자리을(를) 어떻게 바라보게 될까요?"
daily,112,,fear,あなたは失うことを事実として見ていますか それとも解釈として見ていますか,"Are you seeing the possibility of loss as fact, or as interpretation?",你看到的失去这件事，是事实，还是一种解释？,"당신은 잃는 것을(를) 사실로 보고 있나요, 아니면 해석으로 보고 있나요?"
daily,113,,release,今のあなたが正直に感じる重荷は何ですか,What does a burden honestly feel like to you right now?,此刻，你诚实地感受到的负担是什么？,지금의 당신이 솔직하게 느끼는 짐은(는) 무엇인가요?
daily,114,,hope,あなたは信じたい未来を抱えていますか それとも迎え入れ始めていますか,"Are you carrying the future you want to believe in, or beginning to welcome it?",你是在背负着你想相信的未来，还是开始迎接它？,"당신은 믿고 싶은 미래을(를) 짊어지고 있나요, 아니면 받아들이기 시작하고 있나요?"
daily,115,,relationship,今日のあなたにとって守りたい人はどんな存在ですか,What kind of presence is the person you want to protect to you today?,今天，对你来说，你想守护的人是怎样的存在？,오늘 당신에게 지키고 싶은 사람은(는) 어떤 존재인가요?
daily,116,,gratitude,あなたの心は残っている温かさに何を求めていますか,What is your heart asking of the warmth that still remains?,你的心向仍然留存的温暖在寻求什么？,당신의 마음은 남아 있는 따뜻함에 무엇을 바라고 있나요?
daily,117,,reflection,今のあなたは自分への厳しさにどんな名前をつけますか,What name would you give to your harshness toward yourself right now?,此刻，你会给你对自己的苛刻取什么名字？,지금의 당신은 자신에게 향한 엄격함에 어떤 이름을 붙이고 싶나요?
daily,118,,death,あなたは別れを誰の視線で見ていますか,Through whose eyes are you seeing parting?,你正透过谁的目光看着离别？,당신은 이별을(를) 누구의 시선으로 보고 있나요?
daily,119,,silence,もし静かに座るなら空白は何を語りそうですか,"If you sat quietly, what might emptiness say?",如果你安静坐下，空白似乎会说些什么？,"조용히 앉아 있다면, 공백은(는) 무엇을 말할 것 같나요?"
daily,120,,identity,あなたの中に残っている背負っている役割の灯は何ですか,What small lamp of the role you carry still remains within you?,在你心里，仍然留着怎样一盏关于你所背负的角色的灯？,당신 안에는 아직도 당신이 짊어진 역할에 관한 어떤 작은 등불이 남아 있나요?
daily,121,,existence,今あなたにとって本当の望みとは何ですか,What is your true desire to you right now?,此刻，对你来说，你真正的愿望是什么？,지금 당신에게 당신의 진정한 바람은(는) 무엇인가요?
daily,122,,fear,今日のあなたは人の期待にどう向き合いますか,How are you facing other people's expectations today?,今天，你要如何面对他人的期待？,오늘 당신은 타인의 기대에 어떻게 마주하나요?
daily,123,,release,あなたは後悔から何を学んでいますか,What is regret teaching you?,后悔正在教会你什么？,후회은(는) 당신에게 무엇을 가르치고 있나요?
daily,124,,hope,今のあなたに必要なやり直す力は何ですか,What kind of the strength to begin again do you need right now?,此刻，你需要怎样的重新开始的力量？,지금의 당신에게 필요한 다시 시작할 힘은(는) 무엇인가요?
daily,125,,relationship,あなたの中で静かに浮かぶ距離を置くべき関係は何ですか,What quietly comes to mind when you think of a relationship that needs distance?,想到需要保持距离的关系时，在你心里静静浮现的是什么？,"거리를 두어야 할 관계을(를) 떠올릴 때, 당신 안에 조용히 떠오르는 것은 무엇인가요?"
daily,126,,gratitude,もし少し立ち止まるなら小さな幸せをどう見ますか,"If you paused for a moment, how would you look at a small happiness?",如果你稍微停下来，会如何看待微小的幸福？,"잠시 멈춘다면, 작은 행복을(를) 어떻게 바라보게 될까요?"
daily,127,,reflection,あなたは疲れを事実として見ていますか それとも解釈として見ていますか,"Are you seeing your fatigue as fact, or as interpretation?",你看到的你的疲惫，是事实，还是一种解释？,"당신은 피로을(를) 사실로 보고 있나요, 아니면 해석으로 보고 있나요?"
daily,128,,death,今のあなたが正直に感じる失った人は何ですか,What does the person you lost honestly feel like to you right now?,此刻，你诚实地感受到的你失去的人是什么？,지금의 당신이 솔직하게 느끼는 잃은 사람은(는) 무엇인가요?
daily,129,,silence,あなたは一歩手前の答えを感じていますか それとも見過ごしていますか,"Are you sensing the answer just before words, or passing it by?",你是在感受话语之前的答案，还是正在把它忽略过去？,"당신은 말이 되기 직전의 답을(를) 느끼고 있나요, 아니면 스쳐 지나가고 있나요?"
daily,130,,identity,今日のあなたにとって変わりたい部分はどんな存在ですか,What kind of presence is the part of you that wants to change to you today?,今天，对你来说，你想改变的那一部分是怎样的存在？,오늘 당신에게 변하고 싶은 부분은(는) 어떤 존재인가요?
daily,131,,existence,あなたの心は心の静けさに何を求めていますか,What is your heart asking of the quietness of your heart?,你的心向你内心的宁静在寻求什么？,당신의 마음은 마음의 고요에 무엇을 바라고 있나요?
daily,132,,fear,今のあなたは失敗にどんな名前をつけますか,What name would you give to failure right now?,此刻，你会给失败取什么名字？,지금의 당신은 실패에 어떤 이름을 붙이고 싶나요?
daily,133,,release,あなたは怒りを誰の視線で見ていますか,Through whose eyes are you seeing anger?,你正透过谁的目光看着愤怒？,당신은 분노을(를) 누구의 시선으로 보고 있나요?
daily,134,,hope,もし静かに座るなら救いは何を語りそうですか,"If you sat quietly, what might relief say?",如果你安静坐下，救赎似乎会说些什么？,"조용히 앉아 있다면, 구원은(는) 무엇을 말할 것 같나요?"
daily,135,,relationship,あなたの中に残っている言えなかった言葉の灯は何ですか,What small lamp of the words you could not say still remains within you?,在你心里，仍然留着怎样一盏关于你没能说出口的话的灯？,당신 안에는 아직도 말하지 못한 말에 관한 어떤 작은 등불이 남아 있나요?
daily,136,,gratitude,今あなたにとって支えとは何ですか,What is the support that holds you up to you right now?,此刻，对你来说，支撑你的力量是什么？,지금 당신에게 당신을 지탱하는 것은(는) 무엇인가요?
daily,137,,reflection,今日のあなたは本音にどう向き合いますか,How are you facing your true feelings today?,今天，你要如何面对你真实的心声？,오늘 당신은 본심에 어떻게 마주하나요?
daily,138,,death,あなたは言えなかった感謝から何を学んでいますか,What is the gratitude you could not say teaching you?,没能说出口的感谢正在教会你什么？,말하지 못한 감사은(는) 당신에게 무엇을 가르치고 있나요?
daily,139,,silence,今のあなたに必要な語らないことは何ですか,What kind of what remains unsaid do you need right now?,此刻，你需要怎样的没有说出口的东西？,지금의 당신에게 필요한 말하지 않는 것은(는) 무엇인가요?
daily,140,,identity,あなたの中で静かに浮かぶ守ってきた価値観は何ですか,What quietly rises within you when you think of the values you have protected?,想到你一直守护的价值观时，在你心里静静浮现的是什么？,"지켜 온 가치관을(를) 떠올릴 때, 당신 안에 조용히 떠오르는 것은 무엇인가요?"
daily,141,,existence,もし少し立ち止まるなら進む方向をどう見ますか,"If you paused for a moment, how would you look at the direction you are heading?",如果你稍微停下来，会如何看待你前行的方向？,"잠시 멈춘다면, 나아갈 방향을(를) 어떻게 바라보게 될까요?"
daily,142,,fear,あなたは孤独を事実として見ていますか それとも解釈として見ていますか,"Are you seeing loneliness as fact, or as interpretation?",你看到的孤独，是事实，还是一种解释？,"당신은 외로움을(를) 사실로 보고 있나요, 아니면 해석으로 보고 있나요?"
daily,143,,release,今のあなたが正直に感じる言い訳は何ですか,What does an excuse honestly feel like to you right now?,此刻，你诚实地感受到的借口是什么？,지금의 당신이 솔직하게 느끼는 변명은(는) 무엇인가요?
daily,144,,hope,あなたは明日を抱えていますか それとも迎え入れ始めていますか,"Are you carrying tomorrow, or beginning to welcome it?",你是在背负着明天，还是开始迎接它？,"당신은 내일을(를) 짊어지고 있나요, 아니면 받아들이기 시작하고 있나요?"
daily,145,,relationship,今日のあなたにとって受け取った優しさはどんな存在ですか,What kind of presence is the kindness you received to you today?,今天，对你来说，你收到的温柔是怎样的存在？,오늘 당신에게 받았던 다정함은(는) 어떤 존재인가요?
daily,146,,gratitude,あなたの心は平凡な奇跡に何を求めていますか,What is your heart asking of an ordinary miracle?,你的心向平凡的奇迹在寻求什么？,당신의 마음은 평범한 기적에 무엇을 바라고 있나요?
daily,147,,reflection,今のあなたは選択にどんな名前をつけますか,What name would you give to a choice right now?,此刻，你会给选择取什么名字？,지금의 당신은 선택에 어떤 이름을 붙이고 싶나요?
daily,148,,death,あなたは限りある時間を誰の視線で見ていますか,Through whose eyes are you seeing limited time?,你正透过谁的目光看着有限的时间？,당신은 유한한 시간을(를) 누구의 시선으로 보고 있나요?
daily,149,,silence,もし静かに座るなら待つことは何を語りそうですか,"If you sat quietly, what might waiting say?",如果你安静坐下，等待似乎会说些什么？,"조용히 앉아 있다면, 기다림은(는) 무엇을 말할 것 같나요?"
daily,150,,identity,あなたの中に残っている譲れないものの灯は何ですか,What small lamp of what you cannot compromise on still remains within you?,在你心里，仍然留着怎样一盏关于你无法让步的东西的灯？,당신 안에는 아직도 양보할 수 없는 것에 관한 어떤 작은 등불이 남아 있나요?
daily,151,,existence,今あなたにとって今日という時間とは何ですか,What is this day to you right now?,此刻，对你来说，今天这段时间是什么？,지금 당신에게 오늘이라는 시간은(는) 무엇인가요?
daily,152,,fear,今日のあなたは変化にどう向き合いますか,How are you facing change today?,今天，你要如何面对变化？,오늘 당신은 변화에 어떻게 마주하나요?
daily,153,,release,あなたは終わらせるべきことから何を学んでいますか,What is what needs to come to an end teaching you?,应该结束的事正在教会你什么？,끝내야 할 것은(는) 당신에게 무엇을 가르치고 있나요?
daily,154,,hope,今のあなたに必要な続ける理由は何ですか,What kind of your reason to continue do you need right now?,此刻，你需要怎样的继续下去的理由？,지금의 당신에게 필요한 계속할 이유은(는) 무엇인가요?
daily,155,,relationship,あなたの中で静かに浮かぶ残っているつながりは何ですか,What quietly comes to mind when you think of the connection that still remains?,想到仍然留下的连结时，在你心里静静浮现的是什么？,"아직 남아 있는 연결을(를) 떠올릴 때, 당신 안에 조용히 떠오르는 것은 무엇인가요?"
daily,156,,gratitude,もし少し立ち止まるなら今あるものをどう見ますか,"If you paused for a moment, how would you look at what is already here?",如果你稍微停下来，会如何看待此刻已经拥有的东西？,"잠시 멈춘다면, 지금 이미 있는 것을(를) 어떻게 바라보게 될까요?"
daily,157,,reflection,あなたは気づいていない思いを事実として見ていますか それとも解釈として見ていますか,"Are you seeing a feeling you have not yet noticed as fact, or as interpretation?",你看到的你尚未察觉的心意，是事实，还是一种解释？,"당신은 아직 알아차리지 못한 마음을(를) 사실로 보고 있나요, 아니면 해석으로 보고 있나요?"
daily,158,,death,今のあなたが正直に感じるいのちは何ですか,What does life itself honestly feel like to you right now?,此刻，你诚实地感受到的生命是什么？,지금의 당신이 솔직하게 느끼는 생명은(는) 무엇인가요?
daily,159,,silence,あなたは見ることを感じていますか それとも見過ごしていますか,"Are you sensing simply seeing, or passing it by?",你是在感受只是看见，还是正在把它忽略过去？,"당신은 그저 보는 것을(를) 느끼고 있나요, 아니면 스쳐 지나가고 있나요?"
daily,160,,identity,今日のあなたにとって人生の軸はどんな存在ですか,What kind of presence is the axis of your life to you today?,今天，对你来说，你人生的轴心是怎样的存在？,오늘 당신에게 삶의 축은(는) 어떤 존재인가요?
daily,161,,existence,あなたの心は本当に大切なものに何を求めていますか,What is your heart asking of what truly matters?,你的心向真正重要的东西在寻求什么？,당신의 마음은 진정으로 중요한 것에 무엇을 바라고 있나요?
daily,162,,fear,今のあなたは恐れにどんな名前をつけますか,What name would you give to fear right now?,此刻，你会给恐惧取什么名字？,지금의 당신은 두려움에 어떤 이름을 붙이고 싶나요?
daily,163,,release,あなたは手放せないものを誰の視線で見ていますか,Through whose eyes are you seeing what you cannot let go of?,你正透过谁的目光看着你放不下的东西？,당신은 놓지 못하는 것을(를) 누구의 시선으로 보고 있나요?
daily,164,,hope,もし静かに座るなら希望は何を語りそうですか,"If you sat quietly, what might hope say?",如果你安静坐下，希望似乎会说些什么？,"조용히 앉아 있다면, 희망은(는) 무엇을 말할 것 같나요?"
daily,165,,relationship,あなたの中に残っている思い出す人の灯は何ですか,What small lamp of the person who comes to mind still remains within you?,在你心里，仍然留着怎样一盏关于你想起的那个人的灯？,당신 안에는 아직도 문득 떠오르는 사람에 관한 어떤 작은 등불이 남아 있나요?
daily,166,,gratitude,今あなたにとって感謝できることとは何ですか,What is what you can be grateful for to you right now?,此刻，对你来说，你可以感恩的事是什么？,지금 당신에게 감사할 수 있는 것은(는) 무엇인가요?
daily,167,,reflection,今日のあなたは今の感情にどう向き合いますか,How are you facing your feelings right now today?,今天，你要如何面对你此刻的感受？,오늘 당신은 지금의 감정에 어떻게 마주하나요?
daily,168,,death,あなたは死から何を学んでいますか,What is death teaching you?,死亡正在教会你什么？,죽음은(는) 당신에게 무엇을 가르치고 있나요?
daily,169,,silence,今のあなたに必要な呼吸は何ですか,What kind of your breath do you need right now?,此刻，你需要怎样的呼吸？,지금의 당신에게 필요한 호흡은(는) 무엇인가요?
daily,170,,identity,あなたの中で静かに浮かぶなりつつある自分は何ですか,What quietly rises within you when you think of the person you are becoming?,想到你正在成为的自己时，在你心里静静浮现的是什么？,"되어 가는 나을(를) 떠올릴 때, 당신 안에 조용히 떠오르는 것은 무엇인가요?"
daily,171,,existence,もし少し立ち止まるなら自分の人生をどう見ますか,"If you paused for a moment, how would you look at your own life?",如果你稍微停下来，会如何看待你自己的人生？,"잠시 멈춘다면, 자기 자신의 삶을(를) 어떻게 바라보게 될까요?"
daily,172,,fear,あなたは不安を事実として見ていますか それとも解釈として見ていますか,"Are you seeing anxiety as fact, or as interpretation?",你看到的不安，是事实，还是一种解释？,"당신은 불안을(를) 사실로 보고 있나요, 아니면 해석으로 보고 있나요?"
daily,173,,release,今のあなたが正直に感じる執着は何ですか,What does attachment honestly feel like to you right now?,此刻，你诚实地感受到的执着是什么？,지금의 당신이 솔직하게 느끼는 집착은(는) 무엇인가요?
daily,174,,hope,あなたは小さな光を抱えていますか それとも迎え入れ始めていますか,"Are you carrying a small light, or beginning to welcome it?",你是在背负着微小的光，还是开始迎接它？,"당신은 작은 빛을(를) 짊어지고 있나요, 아니면 받아들이기 시작하고 있나요?"
daily,175,,relationship,今日のあなたにとって感謝したい人はどんな存在ですか,What kind of presence is the person you want to thank to you today?,今天，对你来说，你想感谢的人是怎样的存在？,오늘 당신에게 감사하고 싶은 사람은(는) 어떤 존재인가요?
daily,176,,gratitude,あなたの心は今日の恵みに何を求めていますか,What is your heart asking of today's blessing?,你的心向今天的恩惠在寻求什么？,당신의 마음은 오늘의 은혜에 무엇을 바라고 있나요?
daily,177,,reflection,今のあなたは沈黙にどんな名前をつけますか,What name would you give to silence right now?,此刻，你会给沉默取什么名字？,지금의 당신은 침묵에 어떤 이름을 붙이고 싶나요?
daily,178,,death,あなたは最後の日を誰の視線で見ていますか,Through whose eyes are you seeing your last day?,你正透过谁的目光看着最后一天？,당신은 마지막 날을(를) 누구의 시선으로 보고 있나요?
daily,179,,silence,もし静かに座るなら静けさは何を語りそうですか,"If you sat quietly, what might stillness say?",如果你安静坐下，宁静似乎会说些什么？,"조용히 앉아 있다면, 고요은(는) 무엇을 말할 것 같나요?"
daily,180,,identity,あなたの中に残っている本当の自分の灯は何ですか,What small lamp of your true self still remains within you?,在你心里，仍然留着怎样一盏关于真正的自己的灯？,당신 안에는 아직도 진짜 나에 관한 어떤 작은 등불이 남아 있나요?
daily,181,,existence,今あなたにとって生きる理由とは何ですか,What is your reason for living to you right now?,此刻，对你来说，你活着的理由是什么？,지금 당신에게 살아가는 이유은(는) 무엇인가요?
daily,182,,fear,今日のあなたは避けていることにどう向き合いますか,How are you facing what you are avoiding today?,今天，你要如何面对你正在回避的事？,오늘 당신은 당신이 피하고 있는 것에 어떻게 마주하나요?
daily,183,,release,あなたは古い役割から何を学んでいますか,What is an old role teaching you?,旧有的角色正在教会你什么？,오래된 역할은(는) 당신에게 무엇을 가르치고 있나요?
daily,184,,hope,今のあなたに必要な次の一歩は何ですか,What kind of the next step do you need right now?,此刻，你需要怎样的下一步？,지금의 당신에게 필요한 다음 한 걸음은(는) 무엇인가요?
daily,185,,relationship,あなたの中で静かに浮かぶ許したい人は誰ですか,Who quietly comes to mind when you think of the person you want to forgive?,当你想到你想原谅的人时，在你心里静静浮现的是谁？,"용서하고 싶은 사람을(를) 떠올릴 때, 당신 안에 조용히 떠오르는 이는 누구인가요?"
daily,186,,gratitude,もし少し立ち止まるなら受け取った助けをどう見ますか,"If you paused for a moment, how would you look at the help you received?",如果你稍微停下来，会如何看待你得到的帮助？,"잠시 멈춘다면, 받은 도움을(를) 어떻게 바라보게 될까요?"
daily,187,,reflection,あなたは心の声を事実として見ていますか それとも解釈として見ていますか,"Are you seeing the voice of your heart as fact, or as interpretation?",你看到的你内心的声音，是事实，还是一种解释？,"당신은 마음의 소리을(를) 사실로 보고 있나요, 아니면 해석으로 보고 있나요?"
daily,188,,death,今のあなたが正直に感じる残したいものは何ですか,What does what you want to leave behind honestly feel like to you right now?,此刻，你诚实地感受到的你想留下的东西是什么？,지금의 당신이 솔직하게 느끼는 남기고 싶은 것은(는) 무엇인가요?
daily,189,,silence,あなたは今ここを感じていますか それとも見過ごしていますか,"Are you sensing the here and now, or passing it by?",你是在感受此时此地，还是正在把它忽略过去？,"당신은 지금 여기을(를) 느끼고 있나요, 아니면 스쳐 지나가고 있나요?"
daily,190,,identity,今日のあなたにとって信じているものはどんな存在ですか,What kind of presence is what you believe in to you today?,今天，对你来说，你所相信的东西是怎样的存在？,오늘 당신에게 당신이 믿는 것은(는) 어떤 존재인가요?
daily,191,,existence,あなたの心は今いる場所に何を求めていますか,What is your heart asking of where you stand now?,你的心向你此刻所站的位置在寻求什么？,당신의 마음은 지금 당신이 서 있는 자리에 무엇을 바라고 있나요?
daily,192,,fear,今のあなたは失うことにどんな名前をつけますか,What name would you give to the possibility of loss right now?,此刻，你会给失去这件事取什么名字？,지금의 당신은 잃는 것에 어떤 이름을 붙이고 싶나요?
daily,193,,release,あなたは重荷を誰の視線で見ていますか,Through whose eyes are you seeing a burden?,你正透过谁的目光看着负担？,당신은 짐을(를) 누구의 시선으로 보고 있나요?
daily,194,,hope,もし静かに座るなら信じたい未来は何を語りそうですか,"If you sat quietly, what might the future you want to believe in say?",如果你安静坐下，你想相信的未来似乎会说些什么？,"조용히 앉아 있다면, 믿고 싶은 미래은(는) 무엇을 말할 것 같나요?"
daily,195,,relationship,あなたの中に残っている守りたい人の灯は何ですか,What small lamp of the person you want to protect still remains within you?,在你心里，仍然留着怎样一盏关于你想守护的人的灯？,당신 안에는 아직도 지키고 싶은 사람에 관한 어떤 작은 등불이 남아 있나요?
daily,196,,gratitude,今あなたにとって残っている温かさとは何ですか,What is the warmth that still remains to you right now?,此刻，对你来说，仍然留存的温暖是什么？,지금 당신에게 남아 있는 따뜻함은(는) 무엇인가요?
daily,197,,reflection,今日のあなたは自分への厳しさにどう向き合いますか,How are you facing your harshness toward yourself today?,今天，你要如何面对你对自己的苛刻？,오늘 당신은 자신에게 향한 엄격함에 어떻게 마주하나요?
daily,198,,death,あなたは別れから何を学んでいますか,What is parting teaching you?,离别正在教会你什么？,이별은(는) 당신에게 무엇을 가르치고 있나요?
daily,199,,silence,今のあなたに必要な空白は何ですか,What kind of emptiness do you need right now?,此刻，你需要怎样的空白？,지금의 당신에게 필요한 공백은(는) 무엇인가요?
daily,200,,identity,あなたの中で静かに浮かぶ背負っている役割は何ですか,What quietly rises within you when you think of the role you carry?,想到你所背负的角色时，在你心里静静浮现的是什么？,"당신이 짊어진 역할을(를) 떠올릴 때, 당신 안에 조용히 떠오르는 것은 무엇인가요?"
daily,201,,existence,もし少し立ち止まるなら本当の望みをどう見ますか,"If you paused for a moment, how would you look at your true desire?",如果你稍微停下来，会如何看待你真正的愿望？,"잠시 멈춘다면, 당신의 진정한 바람을(를) 어떻게 바라보게 될까요?"
daily,202,,fear,あなたは人の期待を事実として見ていますか それとも解釈として見ていますか,"Are you seeing other people's expectations as fact, or as interpretation?",你看到的他人的期待，是事实，还是一种解释？,"당신은 타인의 기대을(를) 사실로 보고 있나요, 아니면 해석으로 보고 있나요?"
daily,203,,release,今のあなたが正直に感じる後悔は何ですか,What does regret honestly feel like to you right now?,此刻，你诚实地感受到的后悔是什么？,지금의 당신이 솔직하게 느끼는 후회은(는) 무엇인가요?
daily,204,,hope,あなたはやり直す力を抱えていますか それとも迎え入れ始めていますか,"Are you carrying the strength to begin again, or beginning to welcome it?",你是在背负着重新开始的力量，还是开始迎接它？,"당신은 다시 시작할 힘을(를) 짊어지고 있나요, 아니면 받아들이기 시작하고 있나요?"
daily,205,,relationship,今日のあなたにとって距離を置くべき関係はどんな存在ですか,What kind of presence is a relationship that needs distance to you today?,今天，对你来说，需要保持距离的关系是怎样的存在？,오늘 당신에게 거리를 두어야 할 관계은(는) 어떤 존재인가요?
daily,206,,gratitude,あなたの心は小さな幸せに何を求めていますか,What is your heart asking of a small happiness?,你的心向微小的幸福在寻求什么？,당신의 마음은 작은 행복에 무엇을 바라고 있나요?
daily,207,,reflection,今のあなたは疲れにどんな名前をつけますか,What name would you give to your fatigue right now?,此刻，你会给你的疲惫取什么名字？,지금의 당신은 피로에 어떤 이름을 붙이고 싶나요?
daily,208,,death,あなたは失った人を誰の視線で見ていますか,Through whose eyes are you seeing the person you lost?,你正透过谁的目光看着你失去的人？,당신은 잃은 사람을(를) 누구의 시선으로 보고 있나요?
daily,209,,silence,もし静かに座るなら一歩手前の答えは何を語りそうですか,"If you sat quietly, what might the answer just before words say?",如果你安静坐下，话语之前的答案似乎会说些什么？,"조용히 앉아 있다면, 말이 되기 직전의 답은(는) 무엇을 말할 것 같나요?"
daily,210,,identity,あなたの中に残っている変わりたい部分の灯は何ですか,What small lamp of the part of you that wants to change still remains within you?,在你心里，仍然留着怎样一盏关于你想改变的那一部分的灯？,당신 안에는 아직도 변하고 싶은 부분에 관한 어떤 작은 등불이 남아 있나요?
daily,211,,existence,今あなたにとって心の静けさとは何ですか,What is the quietness of your heart to you right now?,此刻，对你来说，你内心的宁静是什么？,지금 당신에게 마음의 고요은(는) 무엇인가요?
daily,212,,fear,今日のあなたは失敗にどう向き合いますか,How are you facing failure today?,今天，你要如何面对失败？,오늘 당신은 실패에 어떻게 마주하나요?
daily,213,,release,あなたは怒りから何を学んでいますか,What is anger teaching you?,愤怒正在教会你什么？,분노은(는) 당신에게 무엇을 가르치고 있나요?
daily,214,,hope,今のあなたに必要な救いは何ですか,What kind of relief do you need right now?,此刻，你需要怎样的救赎？,지금의 당신에게 필요한 구원은(는) 무엇인가요?
daily,215,,relationship,あなたの中で静かに浮かぶ言えなかった言葉は何ですか,What quietly comes to mind when you think of the words you could not say?,想到你没能说出口的话时，在你心里静静浮现的是什么？,"말하지 못한 말을(를) 떠올릴 때, 당신 안에 조용히 떠오르는 것은 무엇인가요?"
daily,216,,gratitude,もし少し立ち止まるなら支えをどう見ますか,"If you paused for a moment, how would you look at the support that holds you up?",如果你稍微停下来，会如何看待支撑你的力量？,"잠시 멈춘다면, 당신을 지탱하는 것을(를) 어떻게 바라보게 될까요?"
daily,217,,reflection,あなたは本音を事実として見ていますか それとも解釈として見ていますか,"Are you seeing your true feelings as fact, or as interpretation?",你看到的你真实的心声，是事实，还是一种解释？,"당신은 본심을(를) 사실로 보고 있나요, 아니면 해석으로 보고 있나요?"
daily,218,,death,今のあなたが正直に感じる言えなかった感謝は何ですか,What does the gratitude you could not say honestly feel like to you right now?,此刻，你诚实地感受到的没能说出口的感谢是什么？,지금의 당신이 솔직하게 느끼는 말하지 못한 감사은(는) 무엇인가요?
daily,219,,silence,あなたは語らないことを感じていますか それとも見過ごしていますか,"Are you sensing what remains unsaid, or passing it by?",你是在感受没有说出口的东西，还是正在把它忽略过去？,"당신은 말하지 않는 것을(를) 느끼고 있나요, 아니면 스쳐 지나가고 있나요?"
daily,220,,identity,今日のあなたにとって守ってきた価値観はどんな存在ですか,What kind of presence is the values you have protected to you today?,今天，对你来说，你一直守护的价值观是怎样的存在？,오늘 당신에게 지켜 온 가치관은(는) 어떤 존재인가요?
daily,221,,existence,あなたの心は進む方向に何を求めていますか,What is your heart asking of the direction you are heading?,你的心向你前行的方向在寻求什么？,당신의 마음은 나아갈 방향에 무엇을 바라고 있나요?
daily,222,,fear,今のあなたは孤独にどんな名前をつけますか,What name would you give to loneliness right now?,此刻，你会给孤独取什么名字？,지금의 당신은 외로움에 어떤 이름을 붙이고 싶나요?
daily,223,,release,あなたは言い訳を誰の視線で見ていますか,Through whose eyes are you seeing an excuse?,你正透过谁的目光看着借口？,당신은 변명을(를) 누구의 시선으로 보고 있나요?
daily,224,,hope,もし静かに座るなら明日は何を語りそうですか,"If you sat quietly, what might tomorrow say?",如果你安静坐下，明天似乎会说些什么？,"조용히 앉아 있다면, 내일은(는) 무엇을 말할 것 같나요?"
daily,225,,relationship,あなたの中に残っている受け取った優しさの灯は何ですか,What small lamp of the kindness you received still remains within you?,在你心里，仍然留着怎样一盏关于你收到的温柔的灯？,당신 안에는 아직도 받았던 다정함에 관한 어떤 작은 등불이 남아 있나요?
daily,226,,gratitude,今あなたにとって平凡な奇跡とは何ですか,What is an ordinary miracle to you right now?,此刻，对你来说，平凡的奇迹是什么？,지금 당신에게 평범한 기적은(는) 무엇인가요?
daily,227,,reflection,今日のあなたは選択にどう向き合いますか,How are you facing a choice today?,今天，你要如何面对选择？,오늘 당신은 선택에 어떻게 마주하나요?
daily,228,,death,あなたは限りある時間から何を学んでいますか,What is limited time teaching you?,有限的时间正在教会你什么？,유한한 시간은(는) 당신에게 무엇을 가르치고 있나요?
daily,229,,silence,今のあなたに必要な待つことは何ですか,What kind of waiting do you need right now?,此刻，你需要怎样的等待？,지금의 당신에게 필요한 기다림은(는) 무엇인가요?
daily,230,,identity,あなたの中で静かに浮かぶ譲れないものは何ですか,What quietly rises within you when you think of what you cannot compromise on?,想到你无法让步的东西时，在你心里静静浮现的是什么？,"양보할 수 없는 것을(를) 떠올릴 때, 당신 안에 조용히 떠오르는 것은 무엇인가요?"
daily,231,,existence,もし少し立ち止まるなら今日という時間をどう見ますか,"If you paused for a moment, how would you look at this day?",如果你稍微停下来，会如何看待今天这段时间？,"잠시 멈춘다면, 오늘이라는 시간을(를) 어떻게 바라보게 될까요?"
daily,232,,fear,あなたは変化を事実として見ていますか それとも解釈として見ていますか,"Are you seeing change as fact, or as interpretation?",你看到的变化，是事实，还是一种解释？,"당신은 변화을(를) 사실로 보고 있나요, 아니면 해석으로 보고 있나요?"
daily,233,,release,今のあなたが正直に感じる終わらせるべきことは何ですか,What does what needs to come to an end honestly feel like to you right now?,此刻，你诚实地感受到的应该结束的事是什么？,지금의 당신이 솔직하게 느끼는 끝내야 할 것은(는) 무엇인가요?
daily,234,,hope,あなたは続ける理由を抱えていますか それとも迎え入れ始めていますか,"Are you carrying your reason to continue, or beginning to welcome it?",你是在背负着继续下去的理由，还是开始迎接它？,"당신은 계속할 이유을(를) 짊어지고 있나요, 아니면 받아들이기 시작하고 있나요?"
daily,235,,relationship,今日のあなたにとって残っているつながりはどんな存在ですか,What kind of presence is the connection that still remains to you today?,今天，对你来说，仍然留下的连结是怎样的存在？,오늘 당신에게 아직 남아 있는 연결은(는) 어떤 존재인가요?
daily,236,,gratitude,あなたの心は今あるものに何を求めていますか,What is your heart asking of what is already here?,你的心向此刻已经拥有的东西在寻求什么？,당신의 마음은 지금 이미 있는 것에 무엇을 바라고 있나요?
daily,237,,reflection,今のあなたは気づいていない思いにどんな名前をつけますか,What name would you give to a feeling you have not yet noticed right now?,此刻，你会给你尚未察觉的心意取什么名字？,지금의 당신은 아직 알아차리지 못한 마음에 어떤 이름을 붙이고 싶나요?
daily,238,,death,あなたはいのちを誰の視線で見ていますか,Through whose eyes are you seeing life itself?,你正透过谁的目光看着生命？,당신은 생명을(를) 누구의 시선으로 보고 있나요?
daily,239,,silence,もし静かに座るなら見ることは何を語りそうですか,"If you sat quietly, what might simply seeing say?",如果你安静坐下，只是看见似乎会说些什么？,"조용히 앉아 있다면, 그저 보는 것은(는) 무엇을 말할 것 같나요?"
daily,240,,identity,あなたの中に残っている人生の軸の灯は何ですか,What small lamp of the axis of your life still remains within you?,在你心里，仍然留着怎样一盏关于你人生的轴心的灯？,당신 안에는 아직도 삶의 축에 관한 어떤 작은 등불이 남아 있나요?
daily,241,,existence,今あなたにとって本当に大切なものとは何ですか,What is what truly matters to you right now?,此刻，对你来说，真正重要的东西是什么？,지금 당신에게 진정으로 중요한 것은(는) 무엇인가요?
daily,242,,fear,今日のあなたは恐れにどう向き合いますか,How are you facing fear today?,今天，你要如何面对恐惧？,오늘 당신은 두려움에 어떻게 마주하나요?
daily,243,,release,あなたは手放せないものから何を学んでいますか,What is what you cannot let go of teaching you?,你放不下的东西正在教会你什么？,놓지 못하는 것은(는) 당신에게 무엇을 가르치고 있나요?
daily,244,,hope,今のあなたに必要な希望は何ですか,What kind of hope do you need right now?,此刻，你需要怎样的希望？,지금의 당신에게 필요한 희망은(는) 무엇인가요?
daily,245,,relationship,あなたの中で静かに浮かぶ思い出す人は誰ですか,Who quietly comes to mind when you think of the person who comes to mind?,当你想到你想起的那个人时，在你心里静静浮现的是谁？,"문득 떠오르는 사람을(를) 떠올릴 때, 당신 안에 조용히 떠오르는 이는 누구인가요?"
daily,246,,gratitude,もし少し立ち止まるなら感謝できることをどう見ますか,"If you paused for a moment, how would you look at what you can be grateful for?",如果你稍微停下来，会如何看待你可以感恩的事？,"잠시 멈춘다면, 감사할 수 있는 것을(를) 어떻게 바라보게 될까요?"
daily,247,,reflection,あなたは今の感情を事実として見ていますか それとも解釈として見ていますか,"Are you seeing your feelings right now as fact, or as interpretation?",你看到的你此刻的感受，是事实，还是一种解释？,"당신은 지금의 감정을(를) 사실로 보고 있나요, 아니면 해석으로 보고 있나요?"
daily,248,,death,今のあなたが正直に感じる死は何ですか,What does death honestly feel like to you right now?,此刻，你诚实地感受到的死亡是什么？,지금의 당신이 솔직하게 느끼는 죽음은(는) 무엇인가요?
daily,249,,silence,あなたは呼吸を感じていますか それとも見過ごしていますか,"Are you sensing your breath, or passing it by?",你是在感受呼吸，还是正在把它忽略过去？,"당신은 호흡을(를) 느끼고 있나요, 아니면 스쳐 지나가고 있나요?"
daily,250,,identity,今日のあなたにとってなりつつある自分はどんな存在ですか,What kind of presence is the person you are becoming to you today?,今天，对你来说，你正在成为的自己是怎样的存在？,오늘 당신에게 되어 가는 나은(는) 어떤 존재인가요?
daily,251,,existence,あなたの心は自分の人生に何を求めていますか,What is your heart asking of your own life?,你的心向你自己的人生在寻求什么？,당신의 마음은 자기 자신의 삶에 무엇을 바라고 있나요?
daily,252,,fear,今のあなたは不安にどんな名前をつけますか,What name would you give to anxiety right now?,此刻，你会给不安取什么名字？,지금의 당신은 불안에 어떤 이름을 붙이고 싶나요?
daily,253,,release,あなたは執着を誰の視線で見ていますか,Through whose eyes are you seeing attachment?,你正透过谁的目光看着执着？,당신은 집착을(를) 누구의 시선으로 보고 있나요?
daily,254,,hope,もし静かに座るなら小さな光は何を語りそうですか,"If you sat quietly, what might a small light say?",如果你安静坐下，微小的光似乎会说些什么？,"조용히 앉아 있다면, 작은 빛은(는) 무엇을 말할 것 같나요?"
daily,255,,relationship,あなたの中に残っている感謝したい人の灯は何ですか,What small lamp of the person you want to thank still remains within you?,在你心里，仍然留着怎样一盏关于你想感谢的人的灯？,당신 안에는 아직도 감사하고 싶은 사람에 관한 어떤 작은 등불이 남아 있나요?
daily,256,,gratitude,今あなたにとって今日の恵みとは何ですか,What is today's blessing to you right now?,此刻，对你来说，今天的恩惠是什么？,지금 당신에게 오늘의 은혜은(는) 무엇인가요?
daily,257,,reflection,今日のあなたは沈黙にどう向き合いますか,How are you facing silence today?,今天，你要如何面对沉默？,오늘 당신은 침묵에 어떻게 마주하나요?
daily,258,,death,あなたは最後の日から何を学んでいますか,What is your last day teaching you?,最后一天正在教会你什么？,마지막 날은(는) 당신에게 무엇을 가르치고 있나요?
daily,259,,silence,今のあなたに必要な静けさは何ですか,What kind of stillness do you need right now?,此刻，你需要怎样的宁静？,지금의 당신에게 필요한 고요은(는) 무엇인가요?
daily,260,,identity,あなたの中で静かに浮かぶ本当の自分は何ですか,What quietly rises within you when you think of your true self?,想到真正的自己时，在你心里静静浮现的是什么？,"진짜 나을(를) 떠올릴 때, 당신 안에 조용히 떠오르는 것은 무엇인가요?"
daily,261,,existence,もし少し立ち止まるなら生きる理由をどう見ますか,"If you paused for a moment, how would you look at your reason for living?",如果你稍微停下来，会如何看待你活着的理由？,"잠시 멈춘다면, 살아가는 이유을(를) 어떻게 바라보게 될까요?"
daily,262,,fear,あなたは避けていることを事実として見ていますか それとも解釈として見ていますか,"Are you seeing what you are avoiding as fact, or as interpretation?",你看到的你正在回避的事，是事实，还是一种解释？,"당신은 당신이 피하고 있는 것을(를) 사실로 보고 있나요, 아니면 해석으로 보고 있나요?"
daily,263,,release,今のあなたが正直に感じる古い役割は何ですか,What does an old role honestly feel like to you right now?,此刻，你诚实地感受到的旧有的角色是什么？,지금의 당신이 솔직하게 느끼는 오래된 역할은(는) 무엇인가요?
daily,264,,hope,あなたは次の一歩を抱えていますか それとも迎え入れ始めていますか,"Are you carrying the next step, or beginning to welcome it?",你是在背负着下一步，还是开始迎接它？,"당신은 다음 한 걸음을(를) 짊어지고 있나요, 아니면 받아들이기 시작하고 있나요?"
daily,265,,relationship,今日のあなたにとって許したい人はどんな存在ですか,What kind of presence is the person you want to forgive to you today?,今天，对你来说，你想原谅的人是怎样的存在？,오늘 당신에게 용서하고 싶은 사람은(는) 어떤 존재인가요?
daily,266,,gratitude,あなたの心は受け取った助けに何を求めていますか,What is your heart asking of the help you received?,你的心向你得到的帮助在寻求什么？,당신의 마음은 받은 도움에 무엇을 바라고 있나요?
daily,267,,reflection,今のあなたは心の声にどんな名前をつけますか,What name would you give to the voice of your heart right now?,此刻，你会给你内心的声音取什么名字？,지금의 당신은 마음의 소리에 어떤 이름을 붙이고 싶나요?
daily,268,,death,あなたは残したいものを誰の視線で見ていますか,Through whose eyes are you seeing what you want to leave behind?,你正透过谁的目光看着你想留下的东西？,당신은 남기고 싶은 것을(를) 누구의 시선으로 보고 있나요?
daily,269,,silence,もし静かに座るなら今ここは何を語りそうですか,"If you sat quietly, what might the here and now say?",如果你安静坐下，此时此地似乎会说些什么？,"조용히 앉아 있다면, 지금 여기은(는) 무엇을 말할 것 같나요?"
daily,270,,identity,あなたの中に残っている信じているものの灯は何ですか,What small lamp of what you believe in still remains within you?,在你心里，仍然留着怎样一盏关于你所相信的东西的灯？,당신 안에는 아직도 당신이 믿는 것에 관한 어떤 작은 등불이 남아 있나요?
daily,271,,existence,今あなたにとって今いる場所とは何ですか,What is where you stand now to you right now?,此刻，对你来说，你此刻所站的位置是什么？,지금 당신에게 지금 당신이 서 있는 자리은(는) 무엇인가요?
daily,272,,fear,今日のあなたは失うことにどう向き合いますか,How are you facing the possibility of loss today?,今天，你要如何面对失去这件事？,오늘 당신은 잃는 것에 어떻게 마주하나요?
daily,273,,release,あなたは重荷から何を学んでいますか,What is a burden teaching you?,负担正在教会你什么？,짐은(는) 당신에게 무엇을 가르치고 있나요?
daily,274,,hope,今のあなたに必要な信じたい未来は何ですか,What kind of the future you want to believe in do you need right now?,此刻，你需要怎样的你想相信的未来？,지금의 당신에게 필요한 믿고 싶은 미래은(는) 무엇인가요?
daily,275,,relationship,あなたの中で静かに浮かぶ守りたい人は誰ですか,Who quietly comes to mind when you think of the person you want to protect?,当你想到你想守护的人时，在你心里静静浮现的是谁？,"지키고 싶은 사람을(를) 떠올릴 때, 당신 안에 조용히 떠오르는 이는 누구인가요?"
daily,276,,gratitude,もし少し立ち止まるなら残っている温かさをどう見ますか,"If you paused for a moment, how would you look at the warmth that still remains?",如果你稍微停下来，会如何看待仍然留存的温暖？,"잠시 멈춘다면, 남아 있는 따뜻함을(를) 어떻게 바라보게 될까요?"
daily,277,,reflection,あなたは自分への厳しさを事実として見ていますか それとも解釈として見ていますか,"Are you seeing your harshness toward yourself as fact, or as interpretation?",你看到的你对自己的苛刻，是事实，还是一种解释？,"당신은 자신에게 향한 엄격함을(를) 사실로 보고 있나요, 아니면 해석으로 보고 있나요?"
daily,278,,death,今のあなたが正直に感じる別れは何ですか,What does parting honestly feel like to you right now?,此刻，你诚实地感受到的离别是什么？,지금의 당신이 솔직하게 느끼는 이별은(는) 무엇인가요?
daily,279,,silence,あなたは空白を感じていますか それとも見過ごしていますか,"Are you sensing emptiness, or passing it by?",你是在感受空白，还是正在把它忽略过去？,"당신은 공백을(를) 느끼고 있나요, 아니면 스쳐 지나가고 있나요?"
daily,280,,identity,今日のあなたにとって背負っている役割はどんな存在ですか,What kind of presence is the role you carry to you today?,今天，对你来说，你所背负的角色是怎样的存在？,오늘 당신에게 당신이 짊어진 역할은(는) 어떤 존재인가요?
daily,281,,existence,あなたの心は本当の望みに何を求めていますか,What is your heart asking of your true desire?,你的心向你真正的愿望在寻求什么？,당신의 마음은 당신의 진정한 바람에 무엇을 바라고 있나요?
daily,282,,fear,今のあなたは人の期待にどんな名前をつけますか,What name would you give to other people's expectations right now?,此刻，你会给他人的期待取什么名字？,지금의 당신은 타인의 기대에 어떤 이름을 붙이고 싶나요?
daily,283,,release,あなたは後悔を誰の視線で見ていますか,Through whose eyes are you seeing regret?,你正透过谁的目光看着后悔？,당신은 후회을(를) 누구의 시선으로 보고 있나요?
daily,284,,hope,もし静かに座るならやり直す力は何を語りそうですか,"If you sat quietly, what might the strength to begin again say?",如果你安静坐下，重新开始的力量似乎会说些什么？,"조용히 앉아 있다면, 다시 시작할 힘은(는) 무엇을 말할 것 같나요?"
daily,285,,relationship,あなたの中に残っている距離を置くべき関係の灯は何ですか,What small lamp of a relationship that needs distance still remains within you?,在你心里，仍然留着怎样一盏关于需要保持距离的关系的灯？,당신 안에는 아직도 거리를 두어야 할 관계에 관한 어떤 작은 등불이 남아 있나요?
daily,286,,gratitude,今あなたにとって小さな幸せとは何ですか,What is a small happiness to you right now?,此刻，对你来说，微小的幸福是什么？,지금 당신에게 작은 행복은(는) 무엇인가요?
daily,287,,reflection,今日のあなたは疲れにどう向き合いますか,How are you facing your fatigue today?,今天，你要如何面对你的疲惫？,오늘 당신은 피로에 어떻게 마주하나요?
daily,288,,death,あなたは失った人から何を学んでいますか,What is the person you lost teaching you?,你失去的人正在教会你什么？,잃은 사람은(는) 당신에게 무엇을 가르치고 있나요?
daily,289,,silence,今のあなたに必要な一歩手前の答えは何ですか,What kind of the answer just before words do you need right now?,此刻，你需要怎样的话语之前的答案？,지금의 당신에게 필요한 말이 되기 직전의 답은(는) 무엇인가요?
daily,290,,identity,あなたの中で静かに浮かぶ変わりたい部分は何ですか,What quietly rises within you when you think of the part of you that wants to change?,想到你想改变的那一部分时，在你心里静静浮现的是什么？,"변하고 싶은 부분을(를) 떠올릴 때, 당신 안에 조용히 떠오르는 것은 무엇인가요?"
daily,291,,existence,もし少し立ち止まるなら心の静けさをどう見ますか,"If you paused for a moment, how would you look at the quietness of your heart?",如果你稍微停下来，会如何看待你内心的宁静？,"잠시 멈춘다면, 마음의 고요을(를) 어떻게 바라보게 될까요?"
daily,292,,fear,あなたは失敗を事実として見ていますか それとも解釈として見ていますか,"Are you seeing failure as fact, or as interpretation?",你看到的失败，是事实，还是一种解释？,"당신은 실패을(를) 사실로 보고 있나요, 아니면 해석으로 보고 있나요?"
daily,293,,release,今のあなたが正直に感じる怒りは何ですか,What does anger honestly feel like to you right now?,此刻，你诚实地感受到的愤怒是什么？,지금의 당신이 솔직하게 느끼는 분노은(는) 무엇인가요?
daily,294,,hope,あなたは救いを抱えていますか それとも迎え入れ始めていますか,"Are you carrying relief, or beginning to welcome it?",你是在背负着救赎，还是开始迎接它？,"당신은 구원을(를) 짊어지고 있나요, 아니면 받아들이기 시작하고 있나요?"
daily,295,,relationship,今日のあなたにとって言えなかった言葉はどんな存在ですか,What kind of presence is the words you could not say to you today?,今天，对你来说，你没能说出口的话是怎样的存在？,오늘 당신에게 말하지 못한 말은(는) 어떤 존재인가요?
daily,296,,gratitude,あなたの心は支えに何を求めていますか,What is your heart asking of the support that holds you up?,你的心向支撑你的力量在寻求什么？,당신의 마음은 당신을 지탱하는 것에 무엇을 바라고 있나요?
daily,297,,reflection,今のあなたは本音にどんな名前をつけますか,What name would you give to your true feelings right now?,此刻，你会给你真实的心声取什么名字？,지금의 당신은 본심에 어떤 이름을 붙이고 싶나요?
daily,298,,death,あなたは言えなかった感謝を誰の視線で見ていますか,Through whose eyes are you seeing the gratitude you could not say?,你正透过谁的目光看着没能说出口的感谢？,당신은 말하지 못한 감사을(를) 누구의 시선으로 보고 있나요?
daily,299,,silence,もし静かに座るなら語らないことは何を語りそうですか,"If you sat quietly, what might what remains unsaid say?",如果你安静坐下，没有说出口的东西似乎会说些什么？,"조용히 앉아 있다면, 말하지 않는 것은(는) 무엇을 말할 것 같나요?"
daily,300,,identity,あなたの中に残っている守ってきた価値観の灯は何ですか,What small lamp of the values you have protected still remains within you?,在你心里，仍然留着怎样一盏关于你一直守护的价值观的灯？,당신 안에는 아직도 지켜 온 가치관에 관한 어떤 작은 등불이 남아 있나요?
daily,301,,existence,今あなたにとって進む方向とは何ですか,What is the direction you are heading to you right now?,此刻，对你来说，你前行的方向是什么？,지금 당신에게 나아갈 방향은(는) 무엇인가요?
daily,302,,fear,今日のあなたは孤独にどう向き合いますか,How are you facing loneliness today?,今天，你要如何面对孤独？,오늘 당신은 외로움에 어떻게 마주하나요?
daily,303,,release,あなたは言い訳から何を学んでいますか,What is an excuse teaching you?,借口正在教会你什么？,변명은(는) 당신에게 무엇을 가르치고 있나요?
daily,304,,hope,今のあなたに必要な明日は何ですか,What kind of tomorrow do you need right now?,此刻，你需要怎样的明天？,지금의 당신에게 필요한 내일은(는) 무엇인가요?
daily,305,,relationship,あなたの中で静かに浮かぶ受け取った優しさは何ですか,What quietly comes to mind when you think of the kindness you received?,想到你收到的温柔时，在你心里静静浮现的是什么？,"받았던 다정함을(를) 떠올릴 때, 당신 안에 조용히 떠오르는 것은 무엇인가요?"
daily,306,,gratitude,もし少し立ち止まるなら平凡な奇跡をどう見ますか,"If you paused for a moment, how would you look at an ordinary miracle?",如果你稍微停下来，会如何看待平凡的奇迹？,"잠시 멈춘다면, 평범한 기적을(를) 어떻게 바라보게 될까요?"
daily,307,,reflection,あなたは選択を事実として見ていますか それとも解釈として見ていますか,"Are you seeing a choice as fact, or as interpretation?",你看到的选择，是事实，还是一种解释？,"당신은 선택을(를) 사실로 보고 있나요, 아니면 해석으로 보고 있나요?"
daily,308,,death,今のあなたが正直に感じる限りある時間は何ですか,What does limited time honestly feel like to you right now?,此刻，你诚实地感受到的有限的时间是什么？,지금의 당신이 솔직하게 느끼는 유한한 시간은(는) 무엇인가요?
daily,309,,silence,あなたは待つことを感じていますか それとも見過ごしていますか,"Are you sensing waiting, or passing it by?",你是在感受等待，还是正在把它忽略过去？,"당신은 기다림을(를) 느끼고 있나요, 아니면 스쳐 지나가고 있나요?"
daily,310,,identity,今日のあなたにとって譲れないものはどんな存在ですか,What kind of presence is what you cannot compromise on to you today?,今天，对你来说，你无法让步的东西是怎样的存在？,오늘 당신에게 양보할 수 없는 것은(는) 어떤 존재인가요?
daily,311,,existence,あなたの心は今日という時間に何を求めていますか,What is your heart asking of this day?,你的心向今天这段时间在寻求什么？,당신의 마음은 오늘이라는 시간에 무엇을 바라고 있나요?
daily,312,,fear,今のあなたは変化にどんな名前をつけますか,What name would you give to change right now?,此刻，你会给变化取什么名字？,지금의 당신은 변화에 어떤 이름을 붙이고 싶나요?
daily,313,,release,あなたは終わらせるべきことを誰の視線で見ていますか,Through whose eyes are you seeing what needs to come to an end?,你正透过谁的目光看着应该结束的事？,당신은 끝내야 할 것을(를) 누구의 시선으로 보고 있나요?
daily,314,,hope,もし静かに座るなら続ける理由は何を語りそうですか,"If you sat quietly, what might your reason to continue say?",如果你安静坐下，继续下去的理由似乎会说些什么？,"조용히 앉아 있다면, 계속할 이유은(는) 무엇을 말할 것 같나요?"
daily,315,,relationship,あなたの中に残っている残っているつながりの灯は何ですか,What small lamp of the connection that still remains still remains within you?,在你心里，仍然留着怎样一盏关于仍然留下的连结的灯？,당신 안에는 아직도 아직 남아 있는 연결에 관한 어떤 작은 등불이 남아 있나요?
daily,316,,gratitude,今あなたにとって今あるものとは何ですか,What is what is already here to you right now?,此刻，对你来说，此刻已经拥有的东西是什么？,지금 당신에게 지금 이미 있는 것은(는) 무엇인가요?
daily,317,,reflection,今日のあなたは気づいていない思いにどう向き合いますか,How are you facing a feeling you have not yet noticed today?,今天，你要如何面对你尚未察觉的心意？,오늘 당신은 아직 알아차리지 못한 마음에 어떻게 마주하나요?
daily,318,,death,あなたはいのちから何を学んでいますか,What is life itself teaching you?,生命正在教会你什么？,생명은(는) 당신에게 무엇을 가르치고 있나요?
daily,319,,silence,今のあなたに必要な見ることは何ですか,What kind of simply seeing do you need right now?,此刻，你需要怎样的只是看见？,지금의 당신에게 필요한 그저 보는 것은(는) 무엇인가요?
daily,320,,identity,あなたの中で静かに浮かぶ人生の軸は何ですか,What quietly rises within you when you think of the axis of your life?,想到你人生的轴心时，在你心里静静浮现的是什么？,"삶의 축을(를) 떠올릴 때, 당신 안에 조용히 떠오르는 것은 무엇인가요?"
daily,321,,existence,もし少し立ち止まるなら本当に大切なものをどう見ますか,"If you paused for a moment, how would you look at what truly matters?",如果你稍微停下来，会如何看待真正重要的东西？,"잠시 멈춘다면, 진정으로 중요한 것을(를) 어떻게 바라보게 될까요?"
daily,322,,fear,あなたは恐れを事実として見ていますか それとも解釈として見ていますか,"Are you seeing fear as fact, or as interpretation?",你看到的恐惧，是事实，还是一种解释？,"당신은 두려움을(를) 사실로 보고 있나요, 아니면 해석으로 보고 있나요?"
daily,323,,release,今のあなたが正直に感じる手放せないものは何ですか,What does what you cannot let go of honestly feel like to you right now?,此刻，你诚实地感受到的你放不下的东西是什么？,지금의 당신이 솔직하게 느끼는 놓지 못하는 것은(는) 무엇인가요?
daily,324,,hope,あなたは希望を抱えていますか それとも迎え入れ始めていますか,"Are you carrying hope, or beginning to welcome it?",你是在背负着希望，还是开始迎接它？,"당신은 희망을(를) 짊어지고 있나요, 아니면 받아들이기 시작하고 있나요?"
daily,325,,relationship,今日のあなたにとって思い出す人はどんな存在ですか,What kind of presence is the person who comes to mind to you today?,今天，对你来说，你想起的那个人是怎样的存在？,오늘 당신에게 문득 떠오르는 사람은(는) 어떤 존재인가요?
daily,326,,gratitude,あなたの心は感謝できることに何を求めていますか,What is your heart asking of what you can be grateful for?,你的心向你可以感恩的事在寻求什么？,당신의 마음은 감사할 수 있는 것에 무엇을 바라고 있나요?
daily,327,,reflection,今のあなたは今の感情にどんな名前をつけますか,What name would you give to your feelings right now right now?,此刻，你会给你此刻的感受取什么名字？,지금의 당신은 지금의 감정에 어떤 이름을 붙이고 싶나요?
daily,328,,death,あなたは死を誰の視線で見ていますか,Through whose eyes are you seeing death?,你正透过谁的目光看着死亡？,당신은 죽음을(를) 누구의 시선으로 보고 있나요?
daily,329,,silence,もし静かに座るなら呼吸は何を語りそうですか,"If you sat quietly, what might your breath say?",如果你安静坐下，呼吸似乎会说些什么？,"조용히 앉아 있다면, 호흡은(는) 무엇을 말할 것 같나요?"
daily,330,,identity,あなたの中に残っているなりつつある自分の灯は何ですか,What small lamp of the person you are becoming still remains within you?,在你心里，仍然留着怎样一盏关于你正在成为的自己的灯？,당신 안에는 아직도 되어 가는 나에 관한 어떤 작은 등불이 남아 있나요?
daily,331,,existence,今あなたにとって自分の人生とは何ですか,What is your own life to you right now?,此刻，对你来说，你自己的人生是什么？,지금 당신에게 자기 자신의 삶은(는) 무엇인가요?
daily,332,,fear,今日のあなたは不安にどう向き合いますか,How are you facing anxiety today?,今天，你要如何面对不安？,오늘 당신은 불안에 어떻게 마주하나요?
daily,333,,release,あなたは執着から何を学んでいますか,What is attachment teaching you?,执着正在教会你什么？,집착은(는) 당신에게 무엇을 가르치고 있나요?
daily,334,,hope,今のあなたに必要な小さな光は何ですか,What kind of a small light do you need right now?,此刻，你需要怎样的微小的光？,지금의 당신에게 필요한 작은 빛은(는) 무엇인가요?
daily,335,,relationship,あなたの中で静かに浮かぶ感謝したい人は誰ですか,Who quietly comes to mind when you think of the person you want to thank?,当你想到你想感谢的人时，在你心里静静浮现的是谁？,"감사하고 싶은 사람을(를) 떠올릴 때, 당신 안에 조용히 떠오르는 이는 누구인가요?"
daily,336,,gratitude,もし少し立ち止まるなら今日の恵みをどう見ますか,"If you paused for a moment, how would you look at today's blessing?",如果你稍微停下来，会如何看待今天的恩惠？,"잠시 멈춘다면, 오늘의 은혜을(를) 어떻게 바라보게 될까요?"
daily,337,,reflection,あなたは沈黙を事実として見ていますか それとも解釈として見ていますか,"Are you seeing silence as fact, or as interpretation?",你看到的沉默，是事实，还是一种解释？,"당신은 침묵을(를) 사실로 보고 있나요, 아니면 해석으로 보고 있나요?"
daily,338,,death,今のあなたが正直に感じる最後の日は何ですか,What does your last day honestly feel like to you right now?,此刻，你诚实地感受到的最后一天是什么？,지금의 당신이 솔직하게 느끼는 마지막 날은(는) 무엇인가요?
daily,339,,silence,あなたは静けさを感じていますか それとも見過ごしていますか,"Are you sensing stillness, or passing it by?",你是在感受宁静，还是正在把它忽略过去？,"당신은 고요을(를) 느끼고 있나요, 아니면 스쳐 지나가고 있나요?"
daily,340,,identity,今日のあなたにとって本当の自分はどんな存在ですか,What kind of presence is your true self to you today?,今天，对你来说，真正的自己是怎样的存在？,오늘 당신에게 진짜 나은(는) 어떤 존재인가요?
daily,341,,existence,あなたの心は生きる理由に何を求めていますか,What is your heart asking of your reason for living?,你的心向你活着的理由在寻求什么？,당신의 마음은 살아가는 이유에 무엇을 바라고 있나요?
daily,342,,fear,今のあなたは避けていることにどんな名前をつけますか,What name would you give to what you are avoiding right now?,此刻，你会给你正在回避的事取什么名字？,지금의 당신은 당신이 피하고 있는 것에 어떤 이름을 붙이고 싶나요?
daily,343,,release,あなたは古い役割を誰の視線で見ていますか,Through whose eyes are you seeing an old role?,你正透过谁的目光看着旧有的角色？,당신은 오래된 역할을(를) 누구의 시선으로 보고 있나요?
daily,344,,hope,もし静かに座るなら次の一歩は何を語りそうですか,"If you sat quietly, what might the next step say?",如果你安静坐下，下一步似乎会说些什么？,"조용히 앉아 있다면, 다음 한 걸음은(는) 무엇을 말할 것 같나요?"
daily,345,,relationship,あなたの中に残っている許したい人の灯は何ですか,What small lamp of the person you want to forgive still remains within you?,在你心里，仍然留着怎样一盏关于你想原谅的人的灯？,당신 안에는 아직도 용서하고 싶은 사람에 관한 어떤 작은 등불이 남아 있나요?
daily,346,,gratitude,今あなたにとって受け取った助けとは何ですか,What is the help you received to you right now?,此刻，对你来说，你得到的帮助是什么？,지금 당신에게 받은 도움은(는) 무엇인가요?
daily,347,,reflection,今日のあなたは心の声にどう向き合いますか,How are you facing the voice of your heart today?,今天，你要如何面对你内心的声音？,오늘 당신은 마음의 소리에 어떻게 마주하나요?
daily,348,,death,あなたは残したいものから何を学んでいますか,What is what you want to leave behind teaching you?,你想留下的东西正在教会你什么？,남기고 싶은 것은(는) 당신에게 무엇을 가르치고 있나요?
daily,349,,silence,今のあなたに必要な今ここは何ですか,What kind of the here and now do you need right now?,此刻，你需要怎样的此时此地？,지금의 당신에게 필요한 지금 여기은(는) 무엇인가요?
daily,350,,identity,あなたの中で静かに浮かぶ信じているものは何ですか,What quietly rises within you when you think of what you believe in?,想到你所相信的东西时，在你心里静静浮现的是什么？,"당신이 믿는 것을(를) 떠올릴 때, 당신 안에 조용히 떠오르는 것은 무엇인가요?"
daily,351,,existence,もし少し立ち止まるなら今いる場所をどう見ますか,"If you paused for a moment, how would you look at where you stand now?",如果你稍微停下来，会如何看待你此刻所站的位置？,"잠시 멈춘다면, 지금 당신이 서 있는 자리을(를) 어떻게 바라보게 될까요?"
daily,352,,fear,あなたは失うことを事実として見ていますか それとも解釈として見ていますか,"Are you seeing the possibility of loss as fact, or as interpretation?",你看到的失去这件事，是事实，还是一种解释？,"당신은 잃는 것을(를) 사실로 보고 있나요, 아니면 해석으로 보고 있나요?"
daily,353,,release,今のあなたが正直に感じる重荷は何ですか,What does a burden honestly feel like to you right now?,此刻，你诚实地感受到的负担是什么？,지금의 당신이 솔직하게 느끼는 짐은(는) 무엇인가요?
daily,354,,hope,あなたは信じたい未来を抱えていますか それとも迎え入れ始めていますか,"Are you carrying the future you want to believe in, or beginning to welcome it?",你是在背负着你想相信的未来，还是开始迎接它？,"당신은 믿고 싶은 미래을(를) 짊어지고 있나요, 아니면 받아들이기 시작하고 있나요?"
daily,355,,relationship,今日のあなたにとって守りたい人はどんな存在ですか,What kind of presence is the person you want to protect to you today?,今天，对你来说，你想守护的人是怎样的存在？,오늘 당신에게 지키고 싶은 사람은(는) 어떤 존재인가요?
daily,356,,gratitude,あなたの心は残っている温かさに何を求めていますか,What is your heart asking of the warmth that still remains?,你的心向仍然留存的温暖在寻求什么？,당신의 마음은 남아 있는 따뜻함에 무엇을 바라고 있나요?
daily,357,,reflection,今のあなたは自分への厳しさにどんな名前をつけますか,What name would you give to your harshness toward yourself right now?,此刻，你会给你对自己的苛刻取什么名字？,지금의 당신은 자신에게 향한 엄격함에 어떤 이름을 붙이고 싶나요?
daily,358,,death,あなたは別れを誰の視線で見ていますか,Through whose eyes are you seeing parting?,你正透过谁的目光看着离别？,당신은 이별을(를) 누구의 시선으로 보고 있나요?
daily,359,,silence,もし静かに座るなら空白は何を語りそうですか,"If you sat quietly, what might emptiness say?",如果你安静坐下，空白似乎会说些什么？,"조용히 앉아 있다면, 공백은(는) 무엇을 말할 것 같나요?"
daily,360,,identity,あなたの中に残っている背負っている役割の灯は何ですか,What small lamp of the role you carry still remains within you?,在你心里，仍然留着怎样一盏关于你所背负的角色的灯？,당신 안에는 아직도 당신이 짊어진 역할에 관한 어떤 작은 등불이 남아 있나요?
daily,361,,existence,今あなたにとって本当の望みとは何ですか,What is your true desire to you right now?,此刻，对你来说，你真正的愿望是什么？,지금 당신에게 당신의 진정한 바람은(는) 무엇인가요?
daily,362,,fear,今日のあなたは人の期待にどう向き合いますか,How are you facing other people's expectations today?,今天，你要如何面对他人的期待？,오늘 당신은 타인의 기대에 어떻게 마주하나요?
daily,363,,release,あなたは後悔から何を学んでいますか,What is regret teaching you?,后悔正在教会你什么？,후회은(는) 당신에게 무엇을 가르치고 있나요?
daily,364,,hope,今のあなたに必要なやり直す力は何ですか,What kind of the strength to begin again do you need right now?,此刻，你需要怎样的重新开始的力量？,지금의 당신에게 필요한 다시 시작할 힘은(는) 무엇인가요?
daily,365,,relationship,あなたの中で静かに浮かぶ距離を置くべき関係は何ですか,What quietly comes to mind when you think of a relationship that needs distance?,想到需要保持距离的关系时，在你心里静静浮现的是什么？,"거리를 두어야 할 관계을(를) 떠올릴 때, 당신 안에 조용히 떠오르는 것은 무엇인가요?"
strong,1,,release,今あなたが手放せないものは何ですか,What are you holding on to that you no longer need?,你现在在思考什么？,지금 당신은 무엇을 생각하고 있습니까?
strong,2,,fear,もし恐れがなかったら何を選びますか,"If fear disappeared, what would you choose?",如果没有恐惧，你会如何选择？,만약 두려움이 없다면 무엇을 선택하시겠습니까?
strong,3,,self_awareness,今あなたに本当に必要なものは何ですか,What do you truly need right now?,你现在在思考什么？,지금 당신은 무엇을 생각하고 있습니까?
strong,4,,relationships,あなたは誰の期待を背負っていますか,Whose expectations are you carrying?,你正在想着谁？,지금 당신은 누구를 떠올리고 있습니까?
strong,5,,values,あなたが守ろうとしているものは何ですか,What are you trying to protect?,你现在在思考什么？,지금 당신은 무엇을 생각하고 있습니까?
strong,6,,reflection,今日が最後の日なら何がいちばん大切ですか,"If today were your last day, what would matter most?",如果没有恐惧，你会如何选择？,만약 두려움이 없다면 무엇을 선택하시겠습니까?
strong,7,,reflection,あなたが避けている問いは何ですか,What question are you avoiding?,你现在在思考什么？,지금 당신은 무엇을 생각하고 있습니까?
strong,8,,reflection,あなたの沈黙は何を語っていますか,What does your silence say?,你现在在思考什么？,지금 당신은 무엇을 생각하고 있습니까?
strong,9,,reflection,今あなたが感謝できることは何ですか,What can you be grateful for right now?,你现在在思考什么？,지금 당신은 무엇을 생각하고 있습니까?
strong,10,,reflection,あなたは誰になろうとしていますか,Who are you becoming?,你正在想着谁？,지금 당신은 누구를 떠올리고 있습니까?
strong,11,,reflection,あなたの人生を動かしているものは何ですか,What is driving your life?,你现在在思考什么？,지금 당신은 무엇을 생각하고 있습니까?
strong,12,,reflection,本当に大切なものは何ですか,What truly matters?,你现在在思考什么？,지금 당신은 무엇을 생각하고 있습니까?
strong,13,,reflection,あなたは何のために生きていますか,What are you living for?,你现在在思考什么？,지금 당신은 무엇을 생각하고 있습니까?
strong,14,,reflection,あなたはどこへ向かっていますか,Where are you going?,那个地方对你意味着什么？,그곳은 당신에게 어떤 의미입니까?
strong,15,,reflection,あなたが捨てられないものは何ですか,What can you not let go of?,你现在在思考什么？,지금 당신은 무엇을 생각하고 있습니까?
strong,16,,reflection,今終わらせるべきことは何ですか,What needs to end now?,你现在在思考什么？,지금 당신은 무엇을 생각하고 있습니까?
strong,17,,reflection,あなたは何に執着していますか,What are you attached to?,你现在在思考什么？,지금 당신은 무엇을 생각하고 있습니까?
strong,18,,reflection,今あなたの心は静かですか,Is your mind quiet right now?,这个问题对你意味着什么？,이 질문은 당신에게 무엇을 의미합니까?
strong,19,,reflection,あなたは今ここにいますか,Are you here now?,这个问题对你意味着什么？,이 질문은 당신에게 무엇을 의미합니까?
strong,20,,fear,あなたは何を恐れていますか,What are you afraid of?,你现在在思考什么？,지금 당신은 무엇을 생각하고 있습니까?
strong,21,,reflection,あなたは何から逃げていますか,What are you running from?,你现在在思考什么？,지금 당신은 무엇을 생각하고 있습니까?
strong,22,,reflection,あなたは何を隠していますか,What are you hiding?,你现在在思考什么？,지금 당신은 무엇을 생각하고 있습니까?
strong,23,,reflection,あなたは何を愛していますか,What do you love?,你现在在思考什么？,지금 당신은 무엇을 생각하고 있습니까?
strong,24,,reflection,あなたは誰を許したいですか,Who do you want to forgive?,你正在想着谁？,지금 당신은 누구를 떠올리고 있습니까?
strong,25,,reflection,あなたは自分を許せますか,Can you forgive yourself?,这个问题对你意味着什么？,이 질문은 당신에게 무엇을 의미합니까?
strong,26,,reflection,あなたの希望はどこにありますか,Where is your hope?,那个地方对你意味着什么？,그곳은 당신에게 어떤 의미입니까?
strong,27,,reflection,あなたは誰を思い出しますか,Who comes to your mind?,你正在想着谁？,지금 당신은 누구를 떠올리고 있습니까?
strong,28,,reflection,あなたは何を後悔していますか,What do you regret?,你现在在思考什么？,지금 당신은 무엇을 생각하고 있습니까?
strong,29,,reflection,あなたは何を探していますか,What are you searching for?,你现在在思考什么？,지금 당신은 무엇을 생각하고 있습니까?
strong,30,,reflection,今ここで変えられるものは何ですか,What can you change here and now?,你现在在思考什么？,지금 당신은 무엇을 생각하고 있습니까?
strong,31,,reflection,変えられないものは何ですか,What cannot be changed?,你现在在思考什么？,지금 당신은 무엇을 생각하고 있습니까?
strong,32,,reflection,あなたは何を見ないふりをしていますか,What are you pretending not to see?,你现在在思考什么？,지금 당신은 무엇을 생각하고 있습니까?
strong,33,,reflection,今日あなたが選びたい一歩は何ですか,What step do you want to choose today?,你现在在思考什么？,지금 당신은 무엇을 생각하고 있습니까?
strong,34,,reflection,あなたは誰に感謝を伝えたいですか,Who do you want to thank?,你正在想着谁？,지금 당신은 누구를 떠올리고 있습니까?
strong,35,,reflection,あなたは何を信じていますか,What do you believe?,你现在在思考什么？,지금 당신은 무엇을 생각하고 있습니까?
strong,36,,reflection,あなたの疲れは何を訴えていますか,What is your fatigue trying to tell you?,你现在在思考什么？,지금 당신은 무엇을 생각하고 있습니까?
strong,37,,values,今あなたが守るべき境界線は何ですか,What boundary do you need to protect now?,你现在在思考什么？,지금 당신은 무엇을 생각하고 있습니까?
strong,38,,reflection,あなたの怒りの奥にあるものは何ですか,What lies beneath your anger?,你现在在思考什么？,지금 당신은 무엇을 생각하고 있습니까?
strong,39,,values,あなたの悲しみは何を守っていますか,What is your sadness protecting?,你现在在思考什么？,지금 당신은 무엇을 생각하고 있습니까?
strong,40,,fear,あなたの恐れは何を知らせていますか,What is your fear trying to show you?,你现在在思考什么？,지금 당신은 무엇을 생각하고 있습니까?
strong,41,,reflection,あなたは誰のために頑張りすぎていますか,For whom are you trying too hard?,这个问题对你意味着什么？,이 질문은 당신에게 무엇을 의미합니까?
strong,42,,reflection,あなたの本音は何と言っていますか,What is your honest voice saying?,你现在在思考什么？,지금 당신은 무엇을 생각하고 있습니까?
strong,43,,reflection,今あなたが休むべき理由は何ですか,Why do you need rest right now?,为什么这件事对你重要？,왜 이것이 당신에게 중요합니까?
strong,44,,reflection,あなたが一番避けたい真実は何ですか,What truth do you most want to avoid?,你现在在思考什么？,지금 당신은 무엇을 생각하고 있습니까?
strong,45,,reflection,その人は今も何を残していますか,What does that person still leave within you?,你现在在思考什么？,지금 당신은 무엇을 생각하고 있습니까?
strong,46,,reflection,失った人に今伝えたいことは何ですか,What would you say now to the one you lost?,你现在在思考什么？,지금 당신은 무엇을 생각하고 있습니까?
strong,47,,reflection,その別れは何を変えましたか,What did that farewell change?,你现在在思考什么？,지금 당신은 무엇을 생각하고 있습니까?
strong,48,,reflection,今もあなたと歩いている記憶は何ですか,What memory still walks with you?,你现在在思考什么？,지금 당신은 무엇을 생각하고 있습니까?
strong,49,,reflection,愛は失われたあと何に変わりますか,What does love become after loss?,你现在在思考什么？,지금 당신은 무엇을 생각하고 있습니까?
strong,50,,reflection,今もその人から何を受け取っていますか,What are you still receiving from that person?,你现在在思考什么？,지금 당신은 무엇을 생각하고 있습니까?
strong,51,,reflection,あなたはどんな遺産を残したいですか,What legacy do you want to leave behind?,你现在在思考什么？,지금 당신은 무엇을 생각하고 있습니까?
strong,52,,reflection,死を思うとき何がはっきりしますか,What becomes clear when you think of death?,你现在在思考什么？,지금 당신은 무엇을 생각하고 있습니까?
strong,53,,reflection,今日が最後でも後悔しない選択は何ですか,What choice would you not regret if today were the last day?,你现在在思考什么？,지금 당신은 무엇을 생각하고 있습니까?
strong,54,,reflection,あなたの時間は誰のために使われていますか,For whom is your time being spent?,这个问题对你意味着什么？,이 질문은 당신에게 무엇을 의미합니까?
strong,55,,reflection,あなたが先延ばしにしている大切なことは何ですか,What important thing are you postponing?,你现在在思考什么？,지금 당신은 무엇을 생각하고 있습니까?
strong,56,,reflection,あなたは何を受け入れられていませんか,What have you not yet accepted?,你现在在思考什么？,지금 당신은 무엇을 생각하고 있습니까?
strong,57,,self_awareness,今のあなたに必要な優しさは何ですか,What kind of kindness do you need right now?,你现在在思考什么？,지금 당신은 무엇을 생각하고 있습니까?
strong,58,,reflection,あなたが他人に見せていない顔は何ですか,What face of yours do others not see?,你现在在思考什么？,지금 당신은 무엇을 생각하고 있습니까?
strong,59,,reflection,あなたは何を赦せずにいますか,What have you not forgiven?,你现在在思考什么？,지금 당신은 무엇을 생각하고 있습니까?
strong,60,,reflection,あなたの孤独は何を求めていますか,What is your loneliness asking for?,你现在在思考什么？,지금 당신은 무엇을 생각하고 있습니까?
strong,61,,reflection,今あなたを急がせているものは何ですか,What is rushing you right now?,你现在在思考什么？,지금 당신은 무엇을 생각하고 있습니까?
strong,62,,reflection,いま手を止めたら何が見えますか,What do you see when you stop your hands?,你现在在思考什么？,지금 당신은 무엇을 생각하고 있습니까?
strong,63,,reflection,あなたが本当に休まる場所はどこですか,Where do you truly find rest?,那个地方对你意味着什么？,그곳은 당신에게 어떤 의미입니까?
strong,64,,reflection,あなたの人生の軸は何ですか,What is the axis of your life?,你现在在思考什么？,지금 당신은 무엇을 생각하고 있습니까?
strong,65,,reflection,あなたの心を重くしている一言は何ですか,What one thought is weighing on your heart?,你现在在思考什么？,지금 당신은 무엇을 생각하고 있습니까?
strong,66,,self_awareness,いま抱えている荷物のうち本当に必要なものは何ですか,"Of what you carry now, what is truly necessary?",这个问题对你意味着什么？,이 질문은 당신에게 무엇을 의미합니까?
strong,67,,reflection,あなたは自分にどんな嘘をついていますか,What lie are you telling yourself?,你现在在思考什么？,지금 당신은 무엇을 생각하고 있습니까?
strong,68,,reflection,あなたは何をまだ言葉にしていませんか,What have you not yet put into words?,你现在在思考什么？,지금 당신은 무엇을 생각하고 있습니까?
strong,69,,reflection,今あなたは何を待っていますか,What are you waiting for right now?,你现在在思考什么？,지금 당신은 무엇을 생각하고 있습니까?
strong,70,,fear,あなたが最も恐れる沈黙はどんな沈黙ですか,What silence do you fear the most?,你现在在思考什么？,지금 당신은 무엇을 생각하고 있습니까?
strong,71,,reflection,今あなたを生かしているものは何ですか,What is keeping you alive right now?,你现在在思考什么？,지금 당신은 무엇을 생각하고 있습니까?
strong,72,,reflection,あなたはどこで自分を見失いますか,Where do you lose yourself?,那个地方对你意味着什么？,그곳은 당신에게 어떤 의미입니까?
strong,73,,reflection,あなたはどこで自分を取り戻しますか,Where do you recover yourself?,那个地方对你意味着什么？,그곳은 당신에게 어떤 의미입니까?
strong,74,,self_awareness,今あなたに必要な別れは何ですか,What farewell do you need now?,你现在在思考什么？,지금 당신은 무엇을 생각하고 있습니까?
strong,75,,reflection,あなたは何を始める準備ができていますか,What are you ready to begin?,你现在在思考什么？,지금 당신은 무엇을 생각하고 있습니까?
strong,76,,self_awareness,あなたは何を終える勇気が必要ですか,What do you need courage to end?,你现在在思考什么？,지금 당신은 무엇을 생각하고 있습니까?
strong,77,,reflection,あなたの内側で静かに壊れているものは何ですか,What is quietly breaking inside you?,你现在在思考什么？,지금 당신은 무엇을 생각하고 있습니까?
strong,78,,reflection,あなたの内側で静かに育っているものは何ですか,What is quietly growing inside you?,你现在在思考什么？,지금 당신은 무엇을 생각하고 있습니까?
strong,79,,reflection,今あなたが一番聞きたい言葉は何ですか,What words do you most need to hear right now?,你现在在思考什么？,지금 당신은 무엇을 생각하고 있습니까?
strong,80,,reflection,あなたは自分に何を約束したいですか,What do you want to promise yourself?,你现在在思考什么？,지금 당신은 무엇을 생각하고 있습니까?
strong,81,,reflection,今あなたの胸に残っている痛みは何ですか,What pain still remains in your chest?,你现在在思考什么？,지금 당신은 무엇을 생각하고 있습니까?
strong,82,,reflection,その痛みは何を大切にしていた証ですか,What does that pain prove you cared about?,你现在在思考什么？,지금 당신은 무엇을 생각하고 있습니까?
strong,83,,reflection,あなたは何を悼んでいますか,What are you grieving?,你现在在思考什么？,지금 당신은 무엇을 생각하고 있습니까?
strong,84,,reflection,その悲しみの中にどんな愛がありますか,What love is hidden in that grief?,你现在在思考什么？,지금 당신은 무엇을 생각하고 있습니까?
strong,85,,reflection,今あなたが選ぶべき静けさは何ですか,What quiet do you need to choose now?,你现在在思考什么？,지금 당신은 무엇을 생각하고 있습니까?
strong,86,,reflection,あなたはどこで呼吸を忘れていますか,Where are you forgetting to breathe?,那个地方对你意味着什么？,그곳은 당신에게 어떤 의미입니까?
strong,87,,reflection,あなたの身体は何と言っていますか,What is your body saying?,你现在在思考什么？,지금 당신은 무엇을 생각하고 있습니까?
strong,88,,reflection,あなたは誰と和解したいですか,With whom do you want to reconcile?,这个问题对你意味着什么？,이 질문은 당신에게 무엇을 의미합니까?
strong,89,,reflection,あなたは何をまだ信じていたいですか,What do you still want to believe in?,你现在在思考什么？,지금 당신은 무엇을 생각하고 있습니까?
strong,90,,reflection,あなたは何を学び終えていませんか,What have you not finished learning?,你现在在思考什么？,지금 당신은 무엇을 생각하고 있습니까?
strong,91,,values,あなたは何に守られてきましたか,What has protected you so far?,你现在在思考什么？,지금 당신은 무엇을 생각하고 있습니까?
strong,92,,self_awareness,あなたは何を壊す必要がありますか,What do you need to break?,你现在在思考什么？,지금 당신은 무엇을 생각하고 있습니까?
strong,93,,self_awareness,あなたは何を育てる必要がありますか,What do you need to nurture?,你现在在思考什么？,지금 당신은 무엇을 생각하고 있습니까?
strong,94,,reflection,今あなたにとって十分とは何ですか,What is enough for you right now?,你现在在思考什么？,지금 당신은 무엇을 생각하고 있습니까?
strong,95,,reflection,あなたは何を抱いたまま眠っていますか,What do you go to sleep still holding?,你现在在思考什么？,지금 당신은 무엇을 생각하고 있습니까?
strong,96,,reflection,あなたは何を抱いたまま目覚めますか,What do you wake up still holding?,你现在在思考什么？,지금 당신은 무엇을 생각하고 있습니까?
strong,97,,reflection,あなたの今日の灯は何を照らしますか,What will your lamp illuminate today?,你现在在思考什么？,지금 당신은 무엇을 생각하고 있습니까?
strong,98,,reflection,あなたはこの問いの中で何に気づきましたか,What did you notice inside this question?,你现在在思考什么？,지금 당신은 무엇을 생각하고 있습니까?
strong,99,,reflection,この問いはあなたをどこへ連れていきますか,Where is this question taking you?,那个地方对你意味着什么？,그곳은 당신에게 어떤 의미입니까?
strong,100,,reflection,あなたは今、何を静かに受け入れますか,What will you quietly accept now?,你现在在思考什么？,지금 당신은 무엇을 생각하고 있습니까?
template,1,gen,self_awareness,その問いは『自分をどう見ているか』を映しています。あなたは今、どんな自分を前提にしてこの問いを抱いていますか。もしその前提を外したら、何が残るでしょう。,"This question reflects how you are seeing yourself. What version of yourself are you assuming as you ask it? If that assumption fell away, what would remain?",这个问题映照出你如何看待自己。此刻提出这个问题时，你预设的是怎样的自己？如果那个预设消失了，还会剩下什么？,이 질문은 당신이 자신을 어떻게 보고 있는지를 비춥니다. 지금 이 질문을 붙들고 있는 당신의 전제는 어떤 나인가요? 그 전제가 사라진다면 무엇이 남을까요?
template,2,gen,self_awareness,あなたが理解したいのは、本当の自分ですか。それとも、他者から見える自分ですか。両者を分けて考えると、問いの輪郭はどう変わりますか。,"What are you trying to understand: your true self, or the self visible to others? If you separate those two, how does the shape of the question change?",你想理解的是“真正的自己”，还是“他人眼中的自己”？如果把这两者分开来看，这个问题的轮廓会怎样改变？,"당신이 이해하고 싶은 것은 진짜 자신인가요, 아니면 타인에게 보이는 자신인가요? 둘을 나누어 본다면 질문의 윤곽은 어떻게 달라질까요?"
template,3,gen,self_awareness,『自分らしさ』は固定されたものではなく、状況によって変化します。今のあなたを最も強く形づくっている要素は何でしょう。,Your sense of self is not fixed; it shifts with context. What is the strongest element shaping who you are right now?,“像自己”并不是固定不变的，它会随情境而改变。此刻最强烈塑造你的因素是什么？,‘나다움’은 고정된 것이 아니라 상황에 따라 달라집니다. 지금의 당신을 가장 강하게 빚고 있는 요소는 무엇일까요?
template,4,gen,meaning,その問いは『人生に意味があるべきだ』という前提を含んでいます。もし意味が先にあるのではなく、後から形になるものだとしたら、見え方は変わりますか。,"This question contains the assumption that life should have meaning. If meaning is not something given first, but something shaped afterward, does the view change?",这个问题包含了“人生应该有意义”的前提。如果意义不是一开始就存在，而是在经历中逐渐形成的，视角会改变吗？,"이 질문에는 ‘삶에는 의미가 있어야 한다’는 전제가 담겨 있습니다. 의미가 먼저 주어지는 것이 아니라 나중에 빚어지는 것이라면, 보이는 풍경이 달라질까요?"
template,5,gen,meaning,あなたは『意味』を結果として求めていますか。それとも、今の行為の中に見いだそうとしていますか。どちらに立つかで答えは変わります。,"Are you seeking meaning as a result, or trying to find it within what you are doing now? Where you stand changes the answer.",你是在把“意义”当作结果去追求，还是试着在当下的行动中发现它？站的位置不同，答案也会不同。,"당신은 ‘의미’를 결과로서 찾고 있나요, 아니면 지금의 행위 속에서 발견하려 하나요? 어느 쪽에 서느냐에 따라 답은 달라집니다."
template,6,gen,meaning,人生の意味を問うとき、しばしば『何のために』という形になります。しかし、『何によって』生きているかと問うと、別のものが見えるかもしれません。,"When we ask about life’s meaning, we often ask, 'What for?' But if you ask, 'By what am I living?' something different may appear.",问人生意义时，人们常常会问“为了什么”。但如果换成“我是凭借什么活着”，也许会看到不同的东西。,삶의 의미를 물을 때 우리는 종종 ‘무엇을 위해’라고 묻습니다. 하지만 ‘무엇에 의해 살고 있는가’를 묻는다면 다른 것이 보일 수 있습니다.
template,7,gen,choice,その問いの中心には『選べる自分』がいます。あなたは本当に選択肢を持っていますか。それとも、すでに方向は決まっていて、確認だけを求めていますか。,"At the center of this question is the self who can choose. Do you truly have options, or has the direction already been decided and you are only seeking confirmation?",这个问题的中心，是“能够选择的自己”。你真的拥有选择吗？还是方向其实早已决定，只是在寻求确认？,이 질문의 중심에는 ‘선택할 수 있는 나’가 있습니다. 당신에게 정말 선택지가 있나요? 아니면 이미 방향은 정해져 있고 확인만 바라고 있나요?
template,8,gen,choice,選ばなかった道は、しばしば実際以上に美しく見えます。あなたが今見ているのは、現実の選択肢ですか。それとも想像の可能性ですか。,"The path not taken often appears more beautiful than it really is. Are you looking at a real option now, or an imagined possibility?",没有选择的那条路，常常会比现实更显得美好。你现在看到的是现实中的选项，还是想象中的可能性？,"선택하지 않은 길은 실제보다 더 아름답게 보이곤 합니다. 지금 당신이 보고 있는 것은 현실의 선택지인가요, 아니면 상상 속 가능성인가요?"
template,9,gen,choice,決断の難しさは、何を選ぶかだけでなく、何を失うかにもあります。今のあなたは、何を得たいのですか。そして何を失いたくないのですか。,"The difficulty of decision lies not only in what you choose, but in what you lose. What do you want to gain now, and what do you not want to lose?",做决定之所以困难，不只在于要选什么，也在于会失去什么。此刻你想获得什么？又不想失去什么？,결정의 어려움은 무엇을 고를지뿐 아니라 무엇을 잃을지에도 있습니다. 지금 당신은 무엇을 얻고 싶나요? 그리고 무엇을 잃고 싶지 않나요?
template,10,gen,relationships,その問いは相手の問題に見えて、実際にはあなたの期待の形を映しているかもしれません。あなたはその関係に何を求めていましたか。,"This may look like the other person’s problem, but it may actually reflect the shape of your expectations. What were you seeking in that relationship?",这个问题看似是对方的问题，实际上也许映照的是你的期待形状。你曾在这段关系里寻求什么？,"이 질문은 상대의 문제처럼 보이지만, 실제로는 당신의 기대가 어떤 모양이었는지를 비출 수도 있습니다. 그 관계에서 당신은 무엇을 원했나요?"
template,11,gen,relationships,関係の摩擦は、価値観の違いだけでなく、境界線の曖昧さからも生まれます。今のあなたに必要なのは理解ですか。それとも距離ですか。,"Friction in relationships comes not only from different values, but also from blurred boundaries. What do you need now: understanding, or distance?",关系中的摩擦，不只来自价值观不同，也来自边界模糊。此刻你需要的是理解，还是距离？,"관계의 마찰은 가치관의 차이뿐 아니라 경계의 흐릿함에서도 생깁니다. 지금 당신에게 필요한 것은 이해인가요, 아니면 거리인가요?"
template,12,gen,relationships,人との関係では、『伝えたこと』と『伝わったこと』は同じではありません。あなたは何を言いましたか。そして相手には何が届いたと思いますか。,"In relationships, what you said and what was received are not the same. What did you say, and what do you think actually reached the other person?",在人际关系里，“说出口的话”和“被对方接收到的东西”并不相同。你说了什么？你认为真正传达到对方那里的又是什么？,사람과의 관계에서는 ‘말한 것’과 ‘전달된 것’이 같지 않습니다. 당신은 무엇을 말했나요? 그리고 상대에게는 무엇이 닿았다고 생각하나요?
template,13,gen,fear,その恐れは現実の危険ですか。それとも、まだ起きていない未来の予測ですか。まずそこを区別する必要があります。,"Is that fear a real danger, or a prediction about a future that has not happened yet? That distinction matters first.",那份恐惧是现实中的危险，还是对尚未发生未来的预测？首先需要分清这一点。,"그 두려움은 실제 위험인가요, 아니면 아직 일어나지 않은 미래에 대한 예측인가요? 먼저 그것을 구분할 필요가 있습니다."
template,14,gen,fear,恐れはただの弱さではなく、何かを守る反応でもあります。あなたはその恐れの奥で、何を守ろうとしているのでしょう。,Fear is not only weakness; it is also a protective response. What are you trying to protect beneath it?,恐惧不仅仅是软弱，它也是一种保护反应。在那份恐惧的深处，你正试图守护什么？,두려움은 단순한 약함이 아니라 무언가를 지키려는 반응이기도 합니다. 그 두려움의 밑바닥에서 당신은 무엇을 지키려 하나요?
template,15,gen,fear,『怖い』という感情の中には、失敗、拒絶、喪失など複数の要素が混ざっていることがあります。今感じている恐れを、ひとつに絞るとしたら何ですか。,"The feeling of fear often contains several elements at once—failure, rejection, loss. If you had to narrow your fear down to one thing, what would it be?",“害怕”这种感受里，常常混杂着失败、被拒绝、失去等多种因素。如果要把你此刻的恐惧缩成一个核心，那会是什么？,"‘무섭다’는 감정 안에는 실패, 거절, 상실 같은 여러 요소가 섞여 있을 수 있습니다. 지금 느끼는 두려움을 하나로 좁힌다면 무엇인가요?"
template,16,gen,hope,希望は大きさよりも持続の仕方が重要です。今のあなたに必要なのは、強い光ですか。それとも消えない小さな光ですか。,"With hope, its durability matters more than its size. What do you need now: a strong light, or a small one that does not go out?",对于希望来说，重要的不是它有多大，而是它能否持续。此刻你需要的是强烈的光，还是一束不会熄灭的小光？,"희망은 크기보다 지속되는 방식이 중요합니다. 지금 당신에게 필요한 것은 강한 빛인가요, 아니면 꺼지지 않는 작은 빛인가요?"
template,17,gen,hope,あなたが希望と呼んでいるものは、現実的な見通しですか。それとも、まだ言葉にできない願いですか。区別すると輪郭が見えます。,"What you call hope—Is it a realistic outlook, or a wish you cannot yet put into words? Distinguishing them may sharpen the outline.",你所称为“希望”的东西，是现实可见的前景，还是还说不清楚的愿望？区分它们，也许能让轮廓更清晰。,"당신이 희망이라고 부르는 것은 현실적인 전망인가요, 아니면 아직 말이 되지 않은 바람인가요? 구분해 보면 윤곽이 또렷해질 수 있습니다."
template,18,gen,hope,希望を失ったように感じるときでも、実際には期待の形が変わっているだけの場合があります。今のあなたは、何をもう期待していないのでしょう。,"Even when hope seems lost, sometimes only the form of expectation has changed. What is it that you are no longer expecting now?",即使你感觉自己失去了希望，有时也只是“期待的形状”改变了而已。此刻的你，已经不再期待什么了？,"희망을 잃은 것처럼 느껴질 때에도, 실제로는 기대의 형태만 달라진 경우가 있습니다. 지금의 당신은 무엇을 더는 기대하지 않나요?"
template,19,gen,time,時間の問いは、過去・現在・未来のどこに意識が偏っているかを映します。今のあなたは、どの時間に最も縛られていますか。,"Questions about time reveal whether your awareness leans toward the past, present, or future. Which one holds you most strongly right now?",关于时间的问题，会映照出你的意识更偏向过去、现在还是未来。此刻最束缚你的，是哪一个时间层面？,"시간에 대한 질문은 의식이 과거, 현재, 미래 중 어디로 기울어 있는지를 비춥니다. 지금 당신을 가장 강하게 붙드는 것은 어느 시간인가요?"
template,20,gen,time,『遅い』『もう遅い』という感覚は、客観的事実ではなく比較から生まれることがあります。あなたは何と比べてそう感じていますか。,"The feeling of being 'late' often comes not from objective fact, but from comparison. Compared to what do you feel that way?",“晚了”“已经太迟了”这种感觉，往往并不是客观事实，而是比较出来的。你是在和什么相比，才会这样觉得？,"‘늦었다’, ‘이미 늦었다’는 감각은 객관적 사실보다 비교에서 생겨나는 경우가 많습니다. 당신은 무엇과 비교하며 그렇게 느끼고 있나요?"
template,21,gen,time,時間は量だけでなく、体験の密度でも変わります。今のあなたに足りないのは時間そのものですか。それとも、余白でしょうか。,"Time changes not only by quantity, but by density of experience. What are you lacking now: time itself, or room within it?",时间改变的，不只是数量，也有体验的密度。此刻你真正缺少的是时间本身，还是其中的留白？,"시간은 양뿐 아니라 체험의 밀도에 따라서도 달라집니다. 지금 당신에게 부족한 것은 시간 그 자체인가요, 아니면 그 안의 여백인가요?"
template,22,gen,society,その問いは個人の問題に見えて、実際には構造の問題かもしれません。いま見ている困難は、誰の責任として語られていますか。,"This may appear to be a personal issue, but it may actually be structural. As whose responsibility is this difficulty being described?",这个问题看似是个人问题，实际上也许是结构性问题。你眼前的困难，此刻被叙述成是谁的责任？,"이 질문은 개인의 문제처럼 보이지만, 실제로는 구조의 문제일 수 있습니다. 지금 보고 있는 어려움은 누구의 책임으로 말해지고 있나요?"
template,23,gen,society,社会を語るとき、私たちはしばしば『誰か』を主語にします。しかし、主語を『自分』に戻すと何が見えてきますか。,"When talking about society, we often use 'someone' as the subject. If you return the subject to yourself, what comes into view?",谈论社会时，我们往往会把“某些人”当作主语。但如果把主语重新放回“自己”，会看见什么？,사회를 말할 때 우리는 종종 ‘누군가’를 주어로 삼습니다. 그러나 주어를 ‘나’로 되돌리면 무엇이 보이나요?
template,24,gen,society,公平や不公平の感覚は、事実そのものより基準の違いから生まれることがあります。あなたは何を基準にして、その社会を見ていますか。,The sense of fairness or unfairness often comes less from facts than from differing standards. By what standard are you viewing that society?,公平或不公平的感受，往往并不只来自事实本身，而是来自标准的不同。你是以什么标准在看待那个社会？,공정함과 불공정함의 감각은 사실 그 자체보다 기준의 차이에서 생겨나는 경우가 많습니다. 당신은 어떤 기준으로 그 사회를 보고 있나요?
template,25,gen,freedom,自由とは『制限がないこと』ではなく、『何を引き受けるかを選べること』かもしれません。あなたは何から自由になりたいのですか。,"Freedom may not mean the absence of limits, but the ability to choose what to take on. What is it that you want to be free from?",自由也许并不是“没有限制”，而是“能够选择自己愿意承担什么”。你想从什么之中获得自由？,자유는 ‘제한이 없는 상태’가 아니라 ‘무엇을 감당할지 선택할 수 있는 것’일지도 모릅니다. 당신은 무엇으로부터 자유로워지고 싶나요?
template,26,gen,freedom,自由の問いには、しばしば責任の問いが隠れています。今のあなたは、自由を求めていますか。それとも責任から離れたいのですか。,"Questions about freedom often hide questions about responsibility. Are you seeking freedom now, or trying to step away from responsibility?",关于自由的问题里，常常隐藏着责任的问题。此刻的你是在追求自由，还是想远离责任？,"자유에 대한 질문 속에는 종종 책임에 대한 질문이 숨어 있습니다. 지금 당신은 자유를 바라는 것인가요, 아니면 책임에서 멀어지고 싶은 것인가요?"
template,27,gen,freedom,『選べる』ことと『迷わない』ことは同じではありません。あなたが不自由さを感じるのは、選択肢がないからですか。それとも、選ぶ基準が曖昧だからですか。,"Being able to choose is not the same as being free from doubt. Do you feel constrained because there are no options, or because your criteria for choosing are unclear?",“能够选择”和“不会迷茫”并不是一回事。你感到不自由，是因为没有选项，还是因为判断标准模糊？,"‘선택할 수 있다’는 것과 ‘망설이지 않는다’는 것은 다릅니다. 당신이 답답함을 느끼는 것은 선택지가 없어서인가요, 아니면 고를 기준이 흐려서인가요?"
template,28,gen,existence,その問いは、答えを得るためというより、存在そのものを見つめるための問いです。あなたは今、『ある』ことをどう感じていますか。,This question is less about obtaining an answer than about looking at existence itself. How do you feel the fact of being right now?,这个问题与其说是为了得到答案，不如说是为了凝视“存在”本身。此刻你如何感受“存在着”这件事？,이 질문은 답을 얻기 위한 것이라기보다 존재 그 자체를 바라보기 위한 질문입니다. 지금 당신은 ‘있다’는 것을 어떻게 느끼고 있나요?
template,29,gen,existence,存在を問うとき、私たちは定義を求めがちです。しかし、定義より先に体験があります。今あなたが体験している『生』はどんな質感ですか。,"When asking about existence, we often seek definitions. But experience comes before definition. What texture does the life you are living now have?",在追问存在时，我们往往先去寻找定义。但在定义之前，其实先有体验。此刻你所经历的“活着”是什么样的质地？,존재를 물을 때 우리는 정의를 먼저 찾기 쉽습니다. 그러나 정의보다 앞서는 것은 체험입니다. 지금 당신이 겪고 있는 ‘삶’은 어떤 결을 가지고 있나요?
template,30,gen,existence,『人とは何か』という問いは、同時に『自分をどこまで人間だと思っているか』という問いでもあります。あなたは人間の何を信じていますか。,The question 'What is a human being?' is also a question of how far you believe yourself to be human. What is it in human beings that you trust?,“人是什么”这个问题，同时也是“你把自己看作多大程度上的人”这个问题。你相信人的什么部分？,‘인간이란 무엇인가’라는 질문은 동시에 ‘스스로를 어디까지 인간이라고 믿고 있는가’라는 질문이기도 합니다. 당신은 인간의 무엇을 믿고 있나요?
template,1,wa,self_awareness,その感覚は自然なものかもしれません。,That feeling may be completely natural.,这种感觉也许是很自然的。,그 감정은 자연스러운 것일지도 모릅니다.
template,2,wa,self_awareness,その問いを持つこと自体が大切な一歩かもしれません。,Holding that question may already be an important step.,能够提出这个问题本身就是重要的一步。,그 질문을 품는 것 자체가 중요한 한 걸음일 수 있습니다.
template,3,wa,self_awareness,今感じていることを少し大切にしてみてください。,Perhaps you can gently hold what you are feeling now.,也许可以温柔地接纳现在的感受。,지금 느끼는 감정을 천천히 받아들여 보세요.
template,4,wa,meaning,答えを急がなくても大丈夫です。,There is no need to rush an answer.,不必急着得到答案。,답을 서두르지 않아도 괜찮습니다.
template,5,wa,meaning,その問いにはあなたにとって大切な意味があるのかもしれません。,That question may hold something meaningful for you.,这个问题也许对你有重要的意义。,그 질문에는 당신에게 중요한 의미가 있을지도 모릅니다.
template,6,wa,meaning,少し静かにその問いを眺めてみてもよいかもしれません。,Perhaps you can quietly sit with the question.,也许可以静静地与这个问题待一会儿。,그 질문을 조용히 바라보는 것도 좋을지 모릅니다.
template,7,wa,relationships,誰かを思う気持ちはとても人間らしいものです。,Caring about someone is deeply human.,关心他人是一种非常人性的情感。,누군가를 생각하는 마음은 매우 인간적입니다.
template,8,wa,relationships,その経験もあなたの一部です。,That experience is part of who you are.,那段经历也是你的一部分。,그 경험 또한 당신의 일부입니다.
template,9,wa,relationships,その思いはきっと無意味ではありません。,That feeling is unlikely to be meaningless.,这种感受大概并不是没有意义的。,그 마음은 결코 의미 없는 것이 아닐 것입니다.
template,10,wa,fear,恐れを感じることも自然なことです。,Feeling fear is also natural.,感到恐惧也是很自然的事情。,두려움을 느끼는 것도 자연스러운 일입니다.
template,11,wa,fear,その気持ちは多くの人が感じるものかもしれません。,Many people may feel something similar.,很多人可能也会有类似的感受。,많은 사람들이 비슷한 감정을 느낄 수 있습니다.
template,12,wa,fear,少し深呼吸してその問いを見つめてみましょう。,Take a breath and gently look at the question.,可以深呼吸一下再看看这个问题。,잠시 숨을 고르고 그 질문을 바라보세요.
template,13,wa,hope,希望は小さなところから生まれることもあります。,Hope can begin from very small places.,希望有时会从很小的地方开始。,희망은 아주 작은 곳에서 시작되기도 합니다.
template,14,wa,hope,その問いの中にも光があるかもしれません。,There may be a light inside that question.,这个问题里也许藏着一束光。,그 질문 속에도 작은 빛이 있을지 모릅니다.
template,15,wa,hope,あなたの歩みには意味があるはずです。,Your path may hold its own meaning.,你的道路也许自有其意义。,당신의 걸음에는 분명 의미가 있을 것입니다.
template,16,wa,time,時間が答えを運んでくることもあります。,Sometimes time brings answers.,有时候时间会带来答案。,때로는 시간이 답을 가져다줍니다.
template,17,wa,time,今はただ問いを持つだけでも良いのかもしれません。,Perhaps holding the question is enough for now.,也许现在只需要保留这个问题。,지금은 그 질문을 품는 것만으로도 충분할 수 있습니다.
template,18,wa,time,少し時間をかけて感じてみてください。,Take some time to feel it.,可以慢慢体会这个问题。,천천히 시간을 두고 느껴보세요.
template,19,wa,society,その問いはあなただけのものではないかもしれません。,That question may not belong only to you.,这个问题也许并不只属于你。,그 질문은 당신만의 것이 아닐 수도 있습니다.
template,20,wa,society,多くの人が同じ問いを抱いています。,Many people hold similar questions.,很多人也在思考同样的问题。,많은 사람들이 같은 질문을 품고 있습니다.
template,21,wa,society,その問いは世界ともつながっているかもしれません。,That question may connect with the world.,这个问题也许与世界相连。,그 질문은 세상과도 연결될지 모릅니다.
template,22,wa,freedom,あなたには考える自由があります。,You have the freedom to think.,你拥有思考的自由。,당신에게는 생각할 자유가 있습니다.
template,23,wa,freedom,その問いはあなたの中から生まれました。,That question was born from within you.,这个问题来自你的内心。,그 질문은 당신 안에서 태어났습니다.
template,24,wa,freedom,あなたの答えはあなた自身のものです。,Your answer belongs to you.,你的答案属于你自己。,당신의 답은 당신 자신의 것입니다.
template,25,wa,existence,その問いはあなたが生きている証かもしれません。,That question may be proof that you are alive.,这个问题也许是你存在的证明。,그 질문은 당신이 살아 있다는 증거일지도 모릅니다.
template,26,wa,existence,人は誰もが問いを持って生きています。,Everyone lives with questions.,每个人都带着问题生活。,사람은 누구나 질문을 품고 살아갑니다.
template,27,wa,existence,その問いを静かに持っていても良いのです。,It is okay to quietly hold that question.,静静地保留这个问题也没有关系。,그 질문을 조용히 간직해도 괜찮습니다.
template,28,wa,reflection,その問いに静かに向き合ってみてください,You may want to sit quietly with that question.,也许可以静静地面对这个问题。,그 질문을 잠시 조용히 바라보는 것도 좋습니다.
template,29,wa,reflection,その問いに静かに向き合ってみてください,You may want to sit quietly with that question.,也许可以静静地面对这个问题。,그 질문을 잠시 조용히 바라보는 것도 좋습니다.
template,30,wa,reflection,その問いに静かに向き合ってみてください,You may want to sit quietly with that question.,也许可以静静地面对这个问题。,그 질문을 잠시 조용히 바라보는 것도 좋습니다.
