id,jp,en,category,zh,kr
1,今あなたが手放せないものは何ですか,What are you holding on to that you no longer need?,release,你现在在思考什么？,지금 당신은 무엇을 생각하고 있습니까?
2,もし恐れがなかったら何を選びますか,"If fear disappeared, what would you choose?",fear,如果没有恐惧，你会如何选择？,만약 두려움이 없다면 무엇을 선택하시겠습니까?
3,今あなたに本当に必要なものは何ですか,What do you truly need right now?,self_awareness,你现在在思考什么？,지금 당신은 무엇을 생각하고 있습니까?
4,あなたは誰の期待を背負っていますか,Whose expectations are you carrying?,relationships,你正在想着谁？,지금 당신은 누구를 떠올리고 있습니까?
5,あなたが守ろうとしているものは何ですか,What are you trying to protect?,values,你现在在思考什么？,지금 당신은 무엇을 생각하고 있습니까?
6,今日が最後の日なら何がいちばん大切ですか,"If today were your last day, what would matter most?",reflection,如果没有恐惧，你会如何选择？,만약 두려움이 없다면 무엇을 선택하시겠습니까?
7,あなたが避けている問いは何ですか,What question are you avoiding?,reflection,你现在在思考什么？,지금 당신은 무엇을 생각하고 있습니까?
8,あなたの沈黙は何を語っていますか,What does your silence say?,reflection,你现在在思考什么？,지금 당신은 무엇을 생각하고 있습니까?
9,今あなたが感謝できることは何ですか,What can you be grateful for right now?,reflection,你现在在思考什么？,지금 당신은 무엇을 생각하고 있습니까?
10,あなたは誰になろうとしていますか,Who are you becoming?,reflection,你正在想着谁？,지금 당신은 누구를 떠올리고 있습니까?
11,あなたの人生を動かしているものは何ですか,What is driving your life?,reflection,你现在在思考什么？,지금 당신은 무엇을 생각하고 있습니까?
12,本当に大切なものは何ですか,What truly matters?,reflection,你现在在思考什么？,지금 당신은 무엇을 생각하고 있습니까?
13,あなたは何のために生きていますか,What are you living for?,reflection,你现在在思考什么？,지금 당신은 무엇을 생각하고 있습니까?
14,あなたはどこへ向かっていますか,Where are you going?,reflection,那个地方对你意味着什么？,그곳은 당신에게 어떤 의미입니까?
15,あなたが捨てられないものは何ですか,What can you not let go of?,reflection,你现在在思考什么？,지금 당신은 무엇을 생각하고 있습니까?
16,今終わらせるべきことは何ですか,What needs to end now?,reflection,你现在在思考什么？,지금 당신은 무엇을 생각하고 있습니까?
17,あなたは何に執着していますか,What are you attached to?,reflection,你现在在思考什么？,지금 당신은 무엇을 생각하고 있습니까?
18,今あなたの心は静かですか,Is your mind quiet right now?,reflection,这个问题对你意味着什么？,이 질문은 당신에게 무엇을 의미합니까?
19,あなたは今ここにいますか,Are you here now?,reflection,这个问题对你意味着什么？,이 질문은 당신에게 무엇을 의미합니까?
20,あなたは何を恐れていますか,What are you afraid of?,fear,你现在在思考什么？,지금 당신은 무엇을 생각하고 있습니까?
21,あなたは何から逃げていますか,What are you running from?,reflection,你现在在思考什么？,지금 당신은 무엇을 생각하고 있습니까?
22,あなたは何を隠していますか,What are you hiding?,reflection,你现在在思考什么？,지금 당신은 무엇을 생각하고 있습니까?
23,あなたは何を愛していますか,What do you love?,reflection,你现在在思考什么？,지금 당신은 무엇을 생각하고 있습니까?
24,あなたは誰を許したいですか,Who do you want to forgive?,reflection,你正在想着谁？,지금 당신은 누구를 떠올리고 있습니까?
25,あなたは自分を許せますか,Can you forgive yourself?,reflection,这个问题对你意味着什么？,이 질문은 당신에게 무엇을 의미합니까?
26,あなたの希望はどこにありますか,Where is your hope?,reflection,那个地方对你意味着什么？,그곳은 당신에게 어떤 의미입니까?
27,あなたは誰を思い出しますか,Who comes to your mind?,reflection,你正在想着谁？,지금 당신은 누구를 떠올리고 있습니까?
28,あなたは何を後悔していますか,What do you regret?,reflection,你现在在思考什么？,지금 당신은 무엇을 생각하고 있습니까?
29,あなたは何を探していますか,What are you searching for?,reflection,你现在在思考什么？,지금 당신은 무엇을 생각하고 있습니까?
30,今ここで変えられるものは何ですか,What can you change here and now?,reflection,你现在在思考什么？,지금 당신은 무엇을 생각하고 있습니까?
31,変えられないものは何ですか,What cannot be changed?,reflection,你现在在思考什么？,지금 당신은 무엇을 생각하고 있습니까?
32,あなたは何を見ないふりをしていますか,What are you pretending not to see?,reflection,你现在在思考什么？,지금 당신은 무엇을 생각하고 있습니까?
33,今日あなたが選びたい一歩は何ですか,What step do you want to choose today?,reflection,你现在在思考什么？,지금 당신은 무엇을 생각하고 있습니까?
34,あなたは誰に感謝を伝えたいですか,Who do you want to thank?,reflection,你正在想着谁？,지금 당신은 누구를 떠올리고 있습니까?
35,あなたは何を信じていますか,What do you believe?,reflection,你现在在思考什么？,지금 당신은 무엇을 생각하고 있습니까?
36,あなたの疲れは何を訴えていますか,What is your fatigue trying to tell you?,reflection,你现在在思考什么？,지금 당신은 무엇을 생각하고 있습니까?
37,今あなたが守るべき境界線は何ですか,What boundary do you need to protect now?,values,你现在在思考什么？,지금 당신은 무엇을 생각하고 있습니까?
38,あなたの怒りの奥にあるものは何ですか,What lies beneath your anger?,reflection,你现在在思考什么？,지금 당신은 무엇을 생각하고 있습니까?
39,あなたの悲しみは何を守っていますか,What is your sadness protecting?,values,你现在在思考什么？,지금 당신은 무엇을 생각하고 있습니까?
40,あなたの恐れは何を知らせていますか,What is your fear trying to show you?,fear,你现在在思考什么？,지금 당신은 무엇을 생각하고 있습니까?
41,あなたは誰のために頑張りすぎていますか,For whom are you trying too hard?,reflection,这个问题对你意味着什么？,이 질문은 당신에게 무엇을 의미합니까?
42,あなたの本音は何と言っていますか,What is your honest voice saying?,reflection,你现在在思考什么？,지금 당신은 무엇을 생각하고 있습니까?
43,今あなたが休むべき理由は何ですか,Why do you need rest right now?,reflection,为什么这件事对你重要？,왜 이것이 당신에게 중요합니까?
44,あなたが一番避けたい真実は何ですか,What truth do you most want to avoid?,reflection,你现在在思考什么？,지금 당신은 무엇을 생각하고 있습니까?
45,その人は今も何を残していますか,What does that person still leave within you?,reflection,你现在在思考什么？,지금 당신은 무엇을 생각하고 있습니까?
46,失った人に今伝えたいことは何ですか,What would you say now to the one you lost?,reflection,你现在在思考什么？,지금 당신은 무엇을 생각하고 있습니까?
47,その別れは何を変えましたか,What did that farewell change?,reflection,你现在在思考什么？,지금 당신은 무엇을 생각하고 있습니까?
48,今もあなたと歩いている記憶は何ですか,What memory still walks with you?,reflection,你现在在思考什么？,지금 당신은 무엇을 생각하고 있습니까?
49,愛は失われたあと何に変わりますか,What does love become after loss?,reflection,你现在在思考什么？,지금 당신은 무엇을 생각하고 있습니까?
50,今もその人から何を受け取っていますか,What are you still receiving from that person?,reflection,你现在在思考什么？,지금 당신은 무엇을 생각하고 있습니까?
51,あなたはどんな遺産を残したいですか,What legacy do you want to leave behind?,reflection,你现在在思考什么？,지금 당신은 무엇을 생각하고 있습니까?
52,死を思うとき何がはっきりしますか,What becomes clear when you think of death?,reflection,你现在在思考什么？,지금 당신은 무엇을 생각하고 있습니까?
53,今日が最後でも後悔しない選択は何ですか,What choice would you not regret if today were the last day?,reflection,你现在在思考什么？,지금 당신은 무엇을 생각하고 있습니까?
54,あなたの時間は誰のために使われていますか,For whom is your time being spent?,reflection,这个问题对你意味着什么？,이 질문은 당신에게 무엇을 의미합니까?
55,あなたが先延ばしにしている大切なことは何ですか,What important thing are you postponing?,reflection,你现在在思考什么？,지금 당신은 무엇을 생각하고 있습니까?
56,あなたは何を受け入れられていませんか,What have you not yet accepted?,reflection,你现在在思考什么？,지금 당신은 무엇을 생각하고 있습니까?
57,今のあなたに必要な優しさは何ですか,What kind of kindness do you need right now?,self_awareness,你现在在思考什么？,지금 당신은 무엇을 생각하고 있습니까?
58,あなたが他人に見せていない顔は何ですか,What face of yours do others not see?,reflection,你现在在思考什么？,지금 당신은 무엇을 생각하고 있습니까?
59,あなたは何を赦せずにいますか,What have you not forgiven?,reflection,你现在在思考什么？,지금 당신은 무엇을 생각하고 있습니까?
60,あなたの孤独は何を求めていますか,What is your loneliness asking for?,reflection,你现在在思考什么？,지금 당신은 무엇을 생각하고 있습니까?
61,今あなたを急がせているものは何ですか,What is rushing you right now?,reflection,你现在在思考什么？,지금 당신은 무엇을 생각하고 있습니까?
62,いま手を止めたら何が見えますか,What do you see when you stop your hands?,reflection,你现在在思考什么？,지금 당신은 무엇을 생각하고 있습니까?
63,あなたが本当に休まる場所はどこですか,Where do you truly find rest?,reflection,那个地方对你意味着什么？,그곳은 당신에게 어떤 의미입니까?
64,あなたの人生の軸は何ですか,What is the axis of your life?,reflection,你现在在思考什么？,지금 당신은 무엇을 생각하고 있습니까?
65,あなたの心を重くしている一言は何ですか,What one thought is weighing on your heart?,reflection,你现在在思考什么？,지금 당신은 무엇을 생각하고 있습니까?
66,いま抱えている荷物のうち本当に必要なものは何ですか,"Of what you carry now, what is truly necessary?",self_awareness,这个问题对你意味着什么？,이 질문은 당신에게 무엇을 의미합니까?
67,あなたは自分にどんな嘘をついていますか,What lie are you telling yourself?,reflection,你现在在思考什么？,지금 당신은 무엇을 생각하고 있습니까?
68,あなたは何をまだ言葉にしていませんか,What have you not yet put into words?,reflection,你现在在思考什么？,지금 당신은 무엇을 생각하고 있습니까?
69,今あなたは何を待っていますか,What are you waiting for right now?,reflection,你现在在思考什么？,지금 당신은 무엇을 생각하고 있습니까?
70,あなたが最も恐れる沈黙はどんな沈黙ですか,What silence do you fear the most?,fear,你现在在思考什么？,지금 당신은 무엇을 생각하고 있습니까?
71,今あなたを生かしているものは何ですか,What is keeping you alive right now?,reflection,你现在在思考什么？,지금 당신은 무엇을 생각하고 있습니까?
72,あなたはどこで自分を見失いますか,Where do you lose yourself?,reflection,那个地方对你意味着什么？,그곳은 당신에게 어떤 의미입니까?
73,あなたはどこで自分を取り戻しますか,Where do you recover yourself?,reflection,那个地方对你意味着什么？,그곳은 당신에게 어떤 의미입니까?
74,今あなたに必要な別れは何ですか,What farewell do you need now?,self_awareness,你现在在思考什么？,지금 당신은 무엇을 생각하고 있습니까?
75,あなたは何を始める準備ができていますか,What are you ready to begin?,reflection,你现在在思考什么？,지금 당신은 무엇을 생각하고 있습니까?
76,あなたは何を終える勇気が必要ですか,What do you need courage to end?,self_awareness,你现在在思考什么？,지금 당신은 무엇을 생각하고 있습니까?
77,あなたの内側で静かに壊れているものは何ですか,What is quietly breaking inside you?,reflection,你现在在思考什么？,지금 당신은 무엇을 생각하고 있습니까?
78,あなたの内側で静かに育っているものは何ですか,What is quietly growing inside you?,reflection,你现在在思考什么？,지금 당신은 무엇을 생각하고 있습니까?
79,今あなたが一番聞きたい言葉は何ですか,What words do you most need to hear right now?,reflection,你现在在思考什么？,지금 당신은 무엇을 생각하고 있습니까?
80,あなたは自分に何を約束したいですか,What do you want to promise yourself?,reflection,你现在在思考什么？,지금 당신은 무엇을 생각하고 있습니까?
81,今あなたの胸に残っている痛みは何ですか,What pain still remains in your chest?,reflection,你现在在思考什么？,지금 당신은 무엇을 생각하고 있습니까?
82,その痛みは何を大切にしていた証ですか,What does that pain prove you cared about?,reflection,你现在在思考什么？,지금 당신은 무엇을 생각하고 있습니까?
83,あなたは何を悼んでいますか,What are you grieving?,reflection,你现在在思考什么？,지금 당신은 무엇을 생각하고 있습니까?
84,その悲しみの中にどんな愛がありますか,What love is hidden in that grief?,reflection,你现在在思考什么？,지금 당신은 무엇을 생각하고 있습니까?
85,今あなたが選ぶべき静けさは何ですか,What quiet do you need to choose now?,reflection,你现在在思考什么？,지금 당신은 무엇을 생각하고 있습니까?
86,あなたはどこで呼吸を忘れていますか,Where are you forgetting to breathe?,reflection,那个地方对你意味着什么？,그곳은 당신에게 어떤 의미입니까?
87,あなたの身体は何と言っていますか,What is your body saying?,reflection,你现在在思考什么？,지금 당신은 무엇을 생각하고 있습니까?
88,あなたは誰と和解したいですか,With whom do you want to reconcile?,reflection,这个问题对你意味着什么？,이 질문은 당신에게 무엇을 의미합니까?
89,あなたは何をまだ信じていたいですか,What do you still want to believe in?,reflection,你现在在思考什么？,지금 당신은 무엇을 생각하고 있습니까?
90,あなたは何を学び終えていませんか,What have you not finished learning?,reflection,你现在在思考什么？,지금 당신은 무엇을 생각하고 있습니까?
91,あなたは何に守られてきましたか,What has protected you so far?,values,你现在在思考什么？,지금 당신은 무엇을 생각하고 있습니까?
92,あなたは何を壊す必要がありますか,What do you need to break?,self_awareness,你现在在思考什么？,지금 당신은 무엇을 생각하고 있습니까?
93,あなたは何を育てる必要がありますか,What do you need to nurture?,self_awareness,你现在在思考什么？,지금 당신은 무엇을 생각하고 있습니까?
94,今あなたにとって十分とは何ですか,What is enough for you right now?,reflection,你现在在思考什么？,지금 당신은 무엇을 생각하고 있습니까?
95,あなたは何を抱いたまま眠っていますか,What do you go to sleep still holding?,reflection,你现在在思考什么？,지금 당신은 무엇을 생각하고 있습니까?
96,あなたは何を抱いたまま目覚めますか,What do you wake up still holding?,reflection,你现在在思考什么？,지금 당신은 무엇을 생각하고 있습니까?
97,あなたの今日の灯は何を照らしますか,What will your lamp illuminate today?,reflection,你现在在思考什么？,지금 당신은 무엇을 생각하고 있습니까?
98,あなたはこの問いの中で何に気づきましたか,What did you notice inside this question?,reflection,你现在在思考什么？,지금 당신은 무엇을 생각하고 있습니까?
99,この問いはあなたをどこへ連れていきますか,Where is this question taking you?,reflection,那个地方对你意味着什么？,그곳은 당신에게 어떤 의미입니까?
100,あなたは今、何を静かに受け入れますか,What will you quietly accept now?,reflection,你现在在思考什么？,지금 당신은 무엇을 생각하고 있습니까?
